source_type,level,state_name,year,quarter_file,from_date,to_date,category,payment_type,transaction_count,transaction_amount,response_timestamp,response_timestamp_epoch,status
user,Country,null,2018,1.json,null,null,null,null,null,null,null,null,Error
user,Country,null,2018,2.json,null,null,null,null,null,null,null,null,Error
user,Country,null,2018,3.json,null,null,null,null,null,null,null,null,Error
user,Country,null,2018,4.json,null,null,null,null,null,null,null,null,Error
user,Country,null,2019,1.json,null,null,null,null,null,null,null,null,Error
user,Country,null,2019,2.json,null,null,null,null,null,null,null,null,Error
user,Country,null,2019,3.json,null,null,null,null,null,null,null,null,Error
user,Country,null,2019,4.json,null,null,null,null,null,null,null,null,Error
user,Country,null,2020,1.json,null,null,null,null,null,null,null,null,Error
user,Country,null,2020,2.json,null,null,null,null,null,null,null,null,Error
user,Country,null,2020,3.json,null,null,null,null,null,null,null,null,Error
user,Country,null,2020,4.json,null,null,null,null,null,null,null,null,Error
user,Country,null,2021,1.json,null,null,null,null,null,null,null,null,Error
user,Country,null,2021,2.json,null,null,null,null,null,null,null,null,Error
user,Country,null,2021,3.json,null,null,null,null,null,null,null,null,Error
user,Country,null,2021,4.json,null,null,null,null,null,null,null,null,Error
user,Country,null,2022,1.json,null,null,null,null,null,null,null,null,Error
user,Country,null,2022,2.json,null,null,null,null,null,null,null,null,Error
user,Country,null,2022,3.json,null,null,null,null,null,null,null,null,Error
user,Country,null,2022,4.json,null,null,null,null,null,null,null,null,Error
user,Country,null,2023,1.json,null,null,null,null,null,null,null,null,Error
user,Country,null,2023,2.json,null,null,null,null,null,null,null,null,Error
user,Country,null,2023,3.json,null,null,null,null,null,null,null,null,Error
user,Country,null,2023,4.json,null,null,null,null,null,null,null,null,Error
user,Country,null,2024,1.json,null,null,null,null,null,null,null,null,Error
user,Country,null,2024,2.json,null,null,null,null,null,null,null,null,Error
user,Country,null,2024,3.json,null,null,null,null,null,null,null,null,Error
user,Country,null,2024,4.json,null,null,null,null,null,null,null,null,Error
user,State,andaman-&-nicobar-islands,2018,1.json,null,null,null,null,null,null,null,null,Error
user,State,andaman-&-nicobar-islands,2018,2.json,null,null,null,null,null,null,null,null,Error
user,State,andaman-&-nicobar-islands,2018,3.json,null,null,null,null,null,null,null,null,Error
user,State,andaman-&-nicobar-islands,2018,4.json,null,null,null,null,null,null,null,null,Error
user,State,andaman-&-nicobar-islands,2019,1.json,null,null,null,null,null,null,null,null,Error
user,State,andaman-&-nicobar-islands,2019,2.json,null,null,null,null,null,null,null,null,Error
user,State,andaman-&-nicobar-islands,2019,3.json,null,null,null,null,null,null,null,null,Error
user,State,andaman-&-nicobar-islands,2019,4.json,null,null,null,null,null,null,null,null,Error
user,State,andaman-&-nicobar-islands,2020,1.json,null,null,null,null,null,null,null,null,Error
user,State,andaman-&-nicobar-islands,2020,2.json,null,null,null,null,null,null,null,null,Error
user,State,andaman-&-nicobar-islands,2020,3.json,null,null,null,null,null,null,null,null,Error
user,State,andaman-&-nicobar-islands,2020,4.json,null,null,null,null,null,null,null,null,Error
user,State,andaman-&-nicobar-islands,2021,1.json,null,null,null,null,null,null,null,null,Error
user,State,andaman-&-nicobar-islands,2021,2.json,null,null,null,null,null,null,null,null,Error
user,State,andaman-&-nicobar-islands,2021,3.json,null,null,null,null,null,null,null,null,Error
user,State,andaman-&-nicobar-islands,2021,4.json,null,null,null,null,null,null,null,null,Error
user,State,andaman-&-nicobar-islands,2022,1.json,null,null,null,null,null,null,null,null,Error
user,State,andaman-&-nicobar-islands,2022,2.json,null,null,null,null,null,null,null,null,Error
user,State,andaman-&-nicobar-islands,2022,3.json,null,null,null,null,null,null,null,null,Error
user,State,andaman-&-nicobar-islands,2022,4.json,null,null,null,null,null,null,null,null,Error
user,State,andaman-&-nicobar-islands,2023,1.json,null,null,null,null,null,null,null,null,Error
user,State,andaman-&-nicobar-islands,2023,2.json,null,null,null,null,null,null,null,null,Error
user,State,andaman-&-nicobar-islands,2023,3.json,null,null,null,null,null,null,null,null,Error
user,State,andaman-&-nicobar-islands,2023,4.json,null,null,null,null,null,null,null,null,Error
user,State,andaman-&-nicobar-islands,2024,1.json,null,null,null,null,null,null,null,null,Error
user,State,andaman-&-nicobar-islands,2024,2.json,null,null,null,null,null,null,null,null,Error
user,State,andaman-&-nicobar-islands,2024,3.json,null,null,null,null,null,null,null,null,Error
user,State,andaman-&-nicobar-islands,2024,4.json,null,null,null,null,null,null,null,null,Error
user,State,andhra-pradesh,2018,1.json,null,null,null,null,null,null,null,null,Error
user,State,andhra-pradesh,2018,2.json,null,null,null,null,null,null,null,null,Error
user,State,andhra-pradesh,2018,3.json,null,null,null,null,null,null,null,null,Error
user,State,andhra-pradesh,2018,4.json,null,null,null,null,null,null,null,null,Error
user,State,andhra-pradesh,2019,1.json,null,null,null,null,null,null,null,null,Error
user,State,andhra-pradesh,2019,2.json,null,null,null,null,null,null,null,null,Error
user,State,andhra-pradesh,2019,3.json,null,null,null,null,null,null,null,null,Error
user,State,andhra-pradesh,2019,4.json,null,null,null,null,null,null,null,null,Error
user,State,andhra-pradesh,2020,1.json,null,null,null,null,null,null,null,null,Error
user,State,andhra-pradesh,2020,2.json,null,null,null,null,null,null,null,null,Error
user,State,andhra-pradesh,2020,3.json,null,null,null,null,null,null,null,null,Error
user,State,andhra-pradesh,2020,4.json,null,null,null,null,null,null,null,null,Error
user,State,andhra-pradesh,2021,1.json,null,null,null,null,null,null,null,null,Error
user,State,andhra-pradesh,2021,2.json,null,null,null,null,null,null,null,null,Error
user,State,andhra-pradesh,2021,3.json,null,null,null,null,null,null,null,null,Error
user,State,andhra-pradesh,2021,4.json,null,null,null,null,null,null,null,null,Error
user,State,andhra-pradesh,2022,1.json,null,null,null,null,null,null,null,null,Error
user,State,andhra-pradesh,2022,2.json,null,null,null,null,null,null,null,null,Error
user,State,andhra-pradesh,2022,3.json,null,null,null,null,null,null,null,null,Error
user,State,andhra-pradesh,2022,4.json,null,null,null,null,null,null,null,null,Error
user,State,andhra-pradesh,2023,1.json,null,null,null,null,null,null,null,null,Error
user,State,andhra-pradesh,2023,2.json,null,null,null,null,null,null,null,null,Error
user,State,andhra-pradesh,2023,3.json,null,null,null,null,null,null,null,null,Error
user,State,andhra-pradesh,2023,4.json,null,null,null,null,null,null,null,null,Error
user,State,andhra-pradesh,2024,1.json,null,null,null,null,null,null,null,null,Error
user,State,andhra-pradesh,2024,2.json,null,null,null,null,null,null,null,null,Error
user,State,andhra-pradesh,2024,3.json,null,null,null,null,null,null,null,null,Error
user,State,andhra-pradesh,2024,4.json,null,null,null,null,null,null,null,null,Error
user,State,arunachal-pradesh,2018,1.json,null,null,null,null,null,null,null,null,Error
user,State,arunachal-pradesh,2018,2.json,null,null,null,null,null,null,null,null,Error
user,State,arunachal-pradesh,2018,3.json,null,null,null,null,null,null,null,null,Error
user,State,arunachal-pradesh,2018,4.json,null,null,null,null,null,null,null,null,Error
user,State,arunachal-pradesh,2019,1.json,null,null,null,null,null,null,null,null,Error
user,State,arunachal-pradesh,2019,2.json,null,null,null,null,null,null,null,null,Error
user,State,arunachal-pradesh,2019,3.json,null,null,null,null,null,null,null,null,Error
user,State,arunachal-pradesh,2019,4.json,null,null,null,null,null,null,null,null,Error
user,State,arunachal-pradesh,2020,1.json,null,null,null,null,null,null,null,null,Error
user,State,arunachal-pradesh,2020,2.json,null,null,null,null,null,null,null,null,Error
user,State,arunachal-pradesh,2020,3.json,null,null,null,null,null,null,null,null,Error
user,State,arunachal-pradesh,2020,4.json,null,null,null,null,null,null,null,null,Error
user,State,arunachal-pradesh,2021,1.json,null,null,null,null,null,null,null,null,Error
user,State,arunachal-pradesh,2021,2.json,null,null,null,null,null,null,null,null,Error
user,State,arunachal-pradesh,2021,3.json,null,null,null,null,null,null,null,null,Error
user,State,arunachal-pradesh,2021,4.json,null,null,null,null,null,null,null,null,Error
user,State,arunachal-pradesh,2022,1.json,null,null,null,null,null,null,null,null,Error
user,State,arunachal-pradesh,2022,2.json,null,null,null,null,null,null,null,null,Error
user,State,arunachal-pradesh,2022,3.json,null,null,null,null,null,null,null,null,Error
user,State,arunachal-pradesh,2022,4.json,null,null,null,null,null,null,null,null,Error
user,State,arunachal-pradesh,2023,1.json,null,null,null,null,null,null,null,null,Error
user,State,arunachal-pradesh,2023,2.json,null,null,null,null,null,null,null,null,Error
user,State,arunachal-pradesh,2023,3.json,null,null,null,null,null,null,null,null,Error
user,State,arunachal-pradesh,2023,4.json,null,null,null,null,null,null,null,null,Error
user,State,arunachal-pradesh,2024,1.json,null,null,null,null,null,null,null,null,Error
user,State,arunachal-pradesh,2024,2.json,null,null,null,null,null,null,null,null,Error
user,State,arunachal-pradesh,2024,3.json,null,null,null,null,null,null,null,null,Error
user,State,arunachal-pradesh,2024,4.json,null,null,null,null,null,null,null,null,Error
user,State,assam,2018,1.json,null,null,null,null,null,null,null,null,Error
user,State,assam,2018,2.json,null,null,null,null,null,null,null,null,Error
user,State,assam,2018,3.json,null,null,null,null,null,null,null,null,Error
user,State,assam,2018,4.json,null,null,null,null,null,null,null,null,Error
user,State,assam,2019,1.json,null,null,null,null,null,null,null,null,Error
user,State,assam,2019,2.json,null,null,null,null,null,null,null,null,Error
user,State,assam,2019,3.json,null,null,null,null,null,null,null,null,Error
user,State,assam,2019,4.json,null,null,null,null,null,null,null,null,Error
user,State,assam,2020,1.json,null,null,null,null,null,null,null,null,Error
user,State,assam,2020,2.json,null,null,null,null,null,null,null,null,Error
user,State,assam,2020,3.json,null,null,null,null,null,null,null,null,Error
user,State,assam,2020,4.json,null,null,null,null,null,null,null,null,Error
user,State,assam,2021,1.json,null,null,null,null,null,null,null,null,Error
user,State,assam,2021,2.json,null,null,null,null,null,null,null,null,Error
user,State,assam,2021,3.json,null,null,null,null,null,null,null,null,Error
user,State,assam,2021,4.json,null,null,null,null,null,null,null,null,Error
user,State,assam,2022,1.json,null,null,null,null,null,null,null,null,Error
user,State,assam,2022,2.json,null,null,null,null,null,null,null,null,Error
user,State,assam,2022,3.json,null,null,null,null,null,null,null,null,Error
user,State,assam,2022,4.json,null,null,null,null,null,null,null,null,Error
user,State,assam,2023,1.json,null,null,null,null,null,null,null,null,Error
user,State,assam,2023,2.json,null,null,null,null,null,null,null,null,Error
user,State,assam,2023,3.json,null,null,null,null,null,null,null,null,Error
user,State,assam,2023,4.json,null,null,null,null,null,null,null,null,Error
user,State,assam,2024,1.json,null,null,null,null,null,null,null,null,Error
user,State,assam,2024,2.json,null,null,null,null,null,null,null,null,Error
user,State,assam,2024,3.json,null,null,null,null,null,null,null,null,Error
user,State,assam,2024,4.json,null,null,null,null,null,null,null,null,Error
user,State,bihar,2018,1.json,null,null,null,null,null,null,null,null,Error
user,State,bihar,2018,2.json,null,null,null,null,null,null,null,null,Error
user,State,bihar,2018,3.json,null,null,null,null,null,null,null,null,Error
user,State,bihar,2018,4.json,null,null,null,null,null,null,null,null,Error
user,State,bihar,2019,1.json,null,null,null,null,null,null,null,null,Error
user,State,bihar,2019,2.json,null,null,null,null,null,null,null,null,Error
user,State,bihar,2019,3.json,null,null,null,null,null,null,null,null,Error
user,State,bihar,2019,4.json,null,null,null,null,null,null,null,null,Error
user,State,bihar,2020,1.json,null,null,null,null,null,null,null,null,Error
user,State,bihar,2020,2.json,null,null,null,null,null,null,null,null,Error
user,State,bihar,2020,3.json,null,null,null,null,null,null,null,null,Error
user,State,bihar,2020,4.json,null,null,null,null,null,null,null,null,Error
user,State,bihar,2021,1.json,null,null,null,null,null,null,null,null,Error
user,State,bihar,2021,2.json,null,null,null,null,null,null,null,null,Error
user,State,bihar,2021,3.json,null,null,null,null,null,null,null,null,Error
user,State,bihar,2021,4.json,null,null,null,null,null,null,null,null,Error
user,State,bihar,2022,1.json,null,null,null,null,null,null,null,null,Error
user,State,bihar,2022,2.json,null,null,null,null,null,null,null,null,Error
user,State,bihar,2022,3.json,null,null,null,null,null,null,null,null,Error
user,State,bihar,2022,4.json,null,null,null,null,null,null,null,null,Error
user,State,bihar,2023,1.json,null,null,null,null,null,null,null,null,Error
user,State,bihar,2023,2.json,null,null,null,null,null,null,null,null,Error
user,State,bihar,2023,3.json,null,null,null,null,null,null,null,null,Error
user,State,bihar,2023,4.json,null,null,null,null,null,null,null,null,Error
user,State,bihar,2024,1.json,null,null,null,null,null,null,null,null,Error
user,State,bihar,2024,2.json,null,null,null,null,null,null,null,null,Error
user,State,bihar,2024,3.json,null,null,null,null,null,null,null,null,Error
user,State,bihar,2024,4.json,null,null,null,null,null,null,null,null,Error
user,State,chandigarh,2018,1.json,null,null,null,null,null,null,null,null,Error
user,State,chandigarh,2018,2.json,null,null,null,null,null,null,null,null,Error
user,State,chandigarh,2018,3.json,null,null,null,null,null,null,null,null,Error
user,State,chandigarh,2018,4.json,null,null,null,null,null,null,null,null,Error
user,State,chandigarh,2019,1.json,null,null,null,null,null,null,null,null,Error
user,State,chandigarh,2019,2.json,null,null,null,null,null,null,null,null,Error
user,State,chandigarh,2019,3.json,null,null,null,null,null,null,null,null,Error
user,State,chandigarh,2019,4.json,null,null,null,null,null,null,null,null,Error
user,State,chandigarh,2020,1.json,null,null,null,null,null,null,null,null,Error
user,State,chandigarh,2020,2.json,null,null,null,null,null,null,null,null,Error
user,State,chandigarh,2020,3.json,null,null,null,null,null,null,null,null,Error
user,State,chandigarh,2020,4.json,null,null,null,null,null,null,null,null,Error
user,State,chandigarh,2021,1.json,null,null,null,null,null,null,null,null,Error
user,State,chandigarh,2021,2.json,null,null,null,null,null,null,null,null,Error
user,State,chandigarh,2021,3.json,null,null,null,null,null,null,null,null,Error
user,State,chandigarh,2021,4.json,null,null,null,null,null,null,null,null,Error
user,State,chandigarh,2022,1.json,null,null,null,null,null,null,null,null,Error
user,State,chandigarh,2022,2.json,null,null,null,null,null,null,null,null,Error
user,State,chandigarh,2022,3.json,null,null,null,null,null,null,null,null,Error
user,State,chandigarh,2022,4.json,null,null,null,null,null,null,null,null,Error
user,State,chandigarh,2023,1.json,null,null,null,null,null,null,null,null,Error
user,State,chandigarh,2023,2.json,null,null,null,null,null,null,null,null,Error
user,State,chandigarh,2023,3.json,null,null,null,null,null,null,null,null,Error
user,State,chandigarh,2023,4.json,null,null,null,null,null,null,null,null,Error
user,State,chandigarh,2024,1.json,null,null,null,null,null,null,null,null,Error
user,State,chandigarh,2024,2.json,null,null,null,null,null,null,null,null,Error
user,State,chandigarh,2024,3.json,null,null,null,null,null,null,null,null,Error
user,State,chandigarh,2024,4.json,null,null,null,null,null,null,null,null,Error
user,State,chhattisgarh,2018,1.json,null,null,null,null,null,null,null,null,Error
user,State,chhattisgarh,2018,2.json,null,null,null,null,null,null,null,null,Error
user,State,chhattisgarh,2018,3.json,null,null,null,null,null,null,null,null,Error
user,State,chhattisgarh,2018,4.json,null,null,null,null,null,null,null,null,Error
user,State,chhattisgarh,2019,1.json,null,null,null,null,null,null,null,null,Error
user,State,chhattisgarh,2019,2.json,null,null,null,null,null,null,null,null,Error
user,State,chhattisgarh,2019,3.json,null,null,null,null,null,null,null,null,Error
user,State,chhattisgarh,2019,4.json,null,null,null,null,null,null,null,null,Error
user,State,chhattisgarh,2020,1.json,null,null,null,null,null,null,null,null,Error
user,State,chhattisgarh,2020,2.json,null,null,null,null,null,null,null,null,Error
user,State,chhattisgarh,2020,3.json,null,null,null,null,null,null,null,null,Error
user,State,chhattisgarh,2020,4.json,null,null,null,null,null,null,null,null,Error
user,State,chhattisgarh,2021,1.json,null,null,null,null,null,null,null,null,Error
user,State,chhattisgarh,2021,2.json,null,null,null,null,null,null,null,null,Error
user,State,chhattisgarh,2021,3.json,null,null,null,null,null,null,null,null,Error
user,State,chhattisgarh,2021,4.json,null,null,null,null,null,null,null,null,Error
user,State,chhattisgarh,2022,1.json,null,null,null,null,null,null,null,null,Error
user,State,chhattisgarh,2022,2.json,null,null,null,null,null,null,null,null,Error
user,State,chhattisgarh,2022,3.json,null,null,null,null,null,null,null,null,Error
user,State,chhattisgarh,2022,4.json,null,null,null,null,null,null,null,null,Error
user,State,chhattisgarh,2023,1.json,null,null,null,null,null,null,null,null,Error
user,State,chhattisgarh,2023,2.json,null,null,null,null,null,null,null,null,Error
user,State,chhattisgarh,2023,3.json,null,null,null,null,null,null,null,null,Error
user,State,chhattisgarh,2023,4.json,null,null,null,null,null,null,null,null,Error
user,State,chhattisgarh,2024,1.json,null,null,null,null,null,null,null,null,Error
user,State,chhattisgarh,2024,2.json,null,null,null,null,null,null,null,null,Error
user,State,chhattisgarh,2024,3.json,null,null,null,null,null,null,null,null,Error
user,State,chhattisgarh,2024,4.json,null,null,null,null,null,null,null,null,Error
user,State,dadra-&-nagar-haveli-&-daman-&-diu,2018,1.json,null,null,null,null,null,null,null,null,Error
user,State,dadra-&-nagar-haveli-&-daman-&-diu,2018,2.json,null,null,null,null,null,null,null,null,Error
user,State,dadra-&-nagar-haveli-&-daman-&-diu,2018,3.json,null,null,null,null,null,null,null,null,Error
user,State,dadra-&-nagar-haveli-&-daman-&-diu,2018,4.json,null,null,null,null,null,null,null,null,Error
user,State,dadra-&-nagar-haveli-&-daman-&-diu,2019,1.json,null,null,null,null,null,null,null,null,Error
user,State,dadra-&-nagar-haveli-&-daman-&-diu,2019,2.json,null,null,null,null,null,null,null,null,Error
user,State,dadra-&-nagar-haveli-&-daman-&-diu,2019,3.json,null,null,null,null,null,null,null,null,Error
user,State,dadra-&-nagar-haveli-&-daman-&-diu,2019,4.json,null,null,null,null,null,null,null,null,Error
user,State,dadra-&-nagar-haveli-&-daman-&-diu,2020,1.json,null,null,null,null,null,null,null,null,Error
user,State,dadra-&-nagar-haveli-&-daman-&-diu,2020,2.json,null,null,null,null,null,null,null,null,Error
user,State,dadra-&-nagar-haveli-&-daman-&-diu,2020,3.json,null,null,null,null,null,null,null,null,Error
user,State,dadra-&-nagar-haveli-&-daman-&-diu,2020,4.json,null,null,null,null,null,null,null,null,Error
user,State,dadra-&-nagar-haveli-&-daman-&-diu,2021,1.json,null,null,null,null,null,null,null,null,Error
user,State,dadra-&-nagar-haveli-&-daman-&-diu,2021,2.json,null,null,null,null,null,null,null,null,Error
user,State,dadra-&-nagar-haveli-&-daman-&-diu,2021,3.json,null,null,null,null,null,null,null,null,Error
user,State,dadra-&-nagar-haveli-&-daman-&-diu,2021,4.json,null,null,null,null,null,null,null,null,Error
user,State,dadra-&-nagar-haveli-&-daman-&-diu,2022,1.json,null,null,null,null,null,null,null,null,Error
user,State,dadra-&-nagar-haveli-&-daman-&-diu,2022,2.json,null,null,null,null,null,null,null,null,Error
user,State,dadra-&-nagar-haveli-&-daman-&-diu,2022,3.json,null,null,null,null,null,null,null,null,Error
user,State,dadra-&-nagar-haveli-&-daman-&-diu,2022,4.json,null,null,null,null,null,null,null,null,Error
user,State,dadra-&-nagar-haveli-&-daman-&-diu,2023,1.json,null,null,null,null,null,null,null,null,Error
user,State,dadra-&-nagar-haveli-&-daman-&-diu,2023,2.json,null,null,null,null,null,null,null,null,Error
user,State,dadra-&-nagar-haveli-&-daman-&-diu,2023,3.json,null,null,null,null,null,null,null,null,Error
user,State,dadra-&-nagar-haveli-&-daman-&-diu,2023,4.json,null,null,null,null,null,null,null,null,Error
user,State,dadra-&-nagar-haveli-&-daman-&-diu,2024,1.json,null,null,null,null,null,null,null,null,Error
user,State,dadra-&-nagar-haveli-&-daman-&-diu,2024,2.json,null,null,null,null,null,null,null,null,Error
user,State,dadra-&-nagar-haveli-&-daman-&-diu,2024,3.json,null,null,null,null,null,null,null,null,Error
user,State,dadra-&-nagar-haveli-&-daman-&-diu,2024,4.json,null,null,null,null,null,null,null,null,Error
user,State,delhi,2018,1.json,null,null,null,null,null,null,null,null,Error
user,State,delhi,2018,2.json,null,null,null,null,null,null,null,null,Error
user,State,delhi,2018,3.json,null,null,null,null,null,null,null,null,Error
user,State,delhi,2018,4.json,null,null,null,null,null,null,null,null,Error
user,State,delhi,2019,1.json,null,null,null,null,null,null,null,null,Error
user,State,delhi,2019,2.json,null,null,null,null,null,null,null,null,Error
user,State,delhi,2019,3.json,null,null,null,null,null,null,null,null,Error
user,State,delhi,2019,4.json,null,null,null,null,null,null,null,null,Error
user,State,delhi,2020,1.json,null,null,null,null,null,null,null,null,Error
user,State,delhi,2020,2.json,null,null,null,null,null,null,null,null,Error
user,State,delhi,2020,3.json,null,null,null,null,null,null,null,null,Error
user,State,delhi,2020,4.json,null,null,null,null,null,null,null,null,Error
user,State,delhi,2021,1.json,null,null,null,null,null,null,null,null,Error
user,State,delhi,2021,2.json,null,null,null,null,null,null,null,null,Error
user,State,delhi,2021,3.json,null,null,null,null,null,null,null,null,Error
user,State,delhi,2021,4.json,null,null,null,null,null,null,null,null,Error
user,State,delhi,2022,1.json,null,null,null,null,null,null,null,null,Error
user,State,delhi,2022,2.json,null,null,null,null,null,null,null,null,Error
user,State,delhi,2022,3.json,null,null,null,null,null,null,null,null,Error
user,State,delhi,2022,4.json,null,null,null,null,null,null,null,null,Error
user,State,delhi,2023,1.json,null,null,null,null,null,null,null,null,Error
user,State,delhi,2023,2.json,null,null,null,null,null,null,null,null,Error
user,State,delhi,2023,3.json,null,null,null,null,null,null,null,null,Error
user,State,delhi,2023,4.json,null,null,null,null,null,null,null,null,Error
user,State,delhi,2024,1.json,null,null,null,null,null,null,null,null,Error
user,State,delhi,2024,2.json,null,null,null,null,null,null,null,null,Error
user,State,delhi,2024,3.json,null,null,null,null,null,null,null,null,Error
user,State,delhi,2024,4.json,null,null,null,null,null,null,null,null,Error
user,State,goa,2018,1.json,null,null,null,null,null,null,null,null,Error
user,State,goa,2018,2.json,null,null,null,null,null,null,null,null,Error
user,State,goa,2018,3.json,null,null,null,null,null,null,null,null,Error
user,State,goa,2018,4.json,null,null,null,null,null,null,null,null,Error
user,State,goa,2019,1.json,null,null,null,null,null,null,null,null,Error
user,State,goa,2019,2.json,null,null,null,null,null,null,null,null,Error
user,State,goa,2019,3.json,null,null,null,null,null,null,null,null,Error
user,State,goa,2019,4.json,null,null,null,null,null,null,null,null,Error
user,State,goa,2020,1.json,null,null,null,null,null,null,null,null,Error
user,State,goa,2020,2.json,null,null,null,null,null,null,null,null,Error
user,State,goa,2020,3.json,null,null,null,null,null,null,null,null,Error
user,State,goa,2020,4.json,null,null,null,null,null,null,null,null,Error
user,State,goa,2021,1.json,null,null,null,null,null,null,null,null,Error
user,State,goa,2021,2.json,null,null,null,null,null,null,null,null,Error
user,State,goa,2021,3.json,null,null,null,null,null,null,null,null,Error
user,State,goa,2021,4.json,null,null,null,null,null,null,null,null,Error
user,State,goa,2022,1.json,null,null,null,null,null,null,null,null,Error
user,State,goa,2022,2.json,null,null,null,null,null,null,null,null,Error
user,State,goa,2022,3.json,null,null,null,null,null,null,null,null,Error
user,State,goa,2022,4.json,null,null,null,null,null,null,null,null,Error
user,State,goa,2023,1.json,null,null,null,null,null,null,null,null,Error
user,State,goa,2023,2.json,null,null,null,null,null,null,null,null,Error
user,State,goa,2023,3.json,null,null,null,null,null,null,null,null,Error
user,State,goa,2023,4.json,null,null,null,null,null,null,null,null,Error
user,State,goa,2024,1.json,null,null,null,null,null,null,null,null,Error
user,State,goa,2024,2.json,null,null,null,null,null,null,null,null,Error
user,State,goa,2024,3.json,null,null,null,null,null,null,null,null,Error
user,State,goa,2024,4.json,null,null,null,null,null,null,null,null,Error
user,State,gujarat,2018,1.json,null,null,null,null,null,null,null,null,Error
user,State,gujarat,2018,2.json,null,null,null,null,null,null,null,null,Error
user,State,gujarat,2018,3.json,null,null,null,null,null,null,null,null,Error
user,State,gujarat,2018,4.json,null,null,null,null,null,null,null,null,Error
user,State,gujarat,2019,1.json,null,null,null,null,null,null,null,null,Error
user,State,gujarat,2019,2.json,null,null,null,null,null,null,null,null,Error
user,State,gujarat,2019,3.json,null,null,null,null,null,null,null,null,Error
user,State,gujarat,2019,4.json,null,null,null,null,null,null,null,null,Error
user,State,gujarat,2020,1.json,null,null,null,null,null,null,null,null,Error
user,State,gujarat,2020,2.json,null,null,null,null,null,null,null,null,Error
user,State,gujarat,2020,3.json,null,null,null,null,null,null,null,null,Error
user,State,gujarat,2020,4.json,null,null,null,null,null,null,null,null,Error
user,State,gujarat,2021,1.json,null,null,null,null,null,null,null,null,Error
user,State,gujarat,2021,2.json,null,null,null,null,null,null,null,null,Error
user,State,gujarat,2021,3.json,null,null,null,null,null,null,null,null,Error
user,State,gujarat,2021,4.json,null,null,null,null,null,null,null,null,Error
user,State,gujarat,2022,1.json,null,null,null,null,null,null,null,null,Error
user,State,gujarat,2022,2.json,null,null,null,null,null,null,null,null,Error
user,State,gujarat,2022,3.json,null,null,null,null,null,null,null,null,Error
user,State,gujarat,2022,4.json,null,null,null,null,null,null,null,null,Error
user,State,gujarat,2023,1.json,null,null,null,null,null,null,null,null,Error
user,State,gujarat,2023,2.json,null,null,null,null,null,null,null,null,Error
user,State,gujarat,2023,3.json,null,null,null,null,null,null,null,null,Error
user,State,gujarat,2023,4.json,null,null,null,null,null,null,null,null,Error
user,State,gujarat,2024,1.json,null,null,null,null,null,null,null,null,Error
user,State,gujarat,2024,2.json,null,null,null,null,null,null,null,null,Error
user,State,gujarat,2024,3.json,null,null,null,null,null,null,null,null,Error
user,State,gujarat,2024,4.json,null,null,null,null,null,null,null,null,Error
user,State,haryana,2018,1.json,null,null,null,null,null,null,null,null,Error
user,State,haryana,2018,2.json,null,null,null,null,null,null,null,null,Error
user,State,haryana,2018,3.json,null,null,null,null,null,null,null,null,Error
user,State,haryana,2018,4.json,null,null,null,null,null,null,null,null,Error
user,State,haryana,2019,1.json,null,null,null,null,null,null,null,null,Error
user,State,haryana,2019,2.json,null,null,null,null,null,null,null,null,Error
user,State,haryana,2019,3.json,null,null,null,null,null,null,null,null,Error
user,State,haryana,2019,4.json,null,null,null,null,null,null,null,null,Error
user,State,haryana,2020,1.json,null,null,null,null,null,null,null,null,Error
user,State,haryana,2020,2.json,null,null,null,null,null,null,null,null,Error
user,State,haryana,2020,3.json,null,null,null,null,null,null,null,null,Error
user,State,haryana,2020,4.json,null,null,null,null,null,null,null,null,Error
user,State,haryana,2021,1.json,null,null,null,null,null,null,null,null,Error
user,State,haryana,2021,2.json,null,null,null,null,null,null,null,null,Error
user,State,haryana,2021,3.json,null,null,null,null,null,null,null,null,Error
user,State,haryana,2021,4.json,null,null,null,null,null,null,null,null,Error
user,State,haryana,2022,1.json,null,null,null,null,null,null,null,null,Error
user,State,haryana,2022,2.json,null,null,null,null,null,null,null,null,Error
user,State,haryana,2022,3.json,null,null,null,null,null,null,null,null,Error
user,State,haryana,2022,4.json,null,null,null,null,null,null,null,null,Error
user,State,haryana,2023,1.json,null,null,null,null,null,null,null,null,Error
user,State,haryana,2023,2.json,null,null,null,null,null,null,null,null,Error
user,State,haryana,2023,3.json,null,null,null,null,null,null,null,null,Error
user,State,haryana,2023,4.json,null,null,null,null,null,null,null,null,Error
user,State,haryana,2024,1.json,null,null,null,null,null,null,null,null,Error
user,State,haryana,2024,2.json,null,null,null,null,null,null,null,null,Error
user,State,haryana,2024,3.json,null,null,null,null,null,null,null,null,Error
user,State,haryana,2024,4.json,null,null,null,null,null,null,null,null,Error
user,State,himachal-pradesh,2018,1.json,null,null,null,null,null,null,null,null,Error
user,State,himachal-pradesh,2018,2.json,null,null,null,null,null,null,null,null,Error
user,State,himachal-pradesh,2018,3.json,null,null,null,null,null,null,null,null,Error
user,State,himachal-pradesh,2018,4.json,null,null,null,null,null,null,null,null,Error
user,State,himachal-pradesh,2019,1.json,null,null,null,null,null,null,null,null,Error
user,State,himachal-pradesh,2019,2.json,null,null,null,null,null,null,null,null,Error
user,State,himachal-pradesh,2019,3.json,null,null,null,null,null,null,null,null,Error
user,State,himachal-pradesh,2019,4.json,null,null,null,null,null,null,null,null,Error
user,State,himachal-pradesh,2020,1.json,null,null,null,null,null,null,null,null,Error
user,State,himachal-pradesh,2020,2.json,null,null,null,null,null,null,null,null,Error
user,State,himachal-pradesh,2020,3.json,null,null,null,null,null,null,null,null,Error
user,State,himachal-pradesh,2020,4.json,null,null,null,null,null,null,null,null,Error
user,State,himachal-pradesh,2021,1.json,null,null,null,null,null,null,null,null,Error
user,State,himachal-pradesh,2021,2.json,null,null,null,null,null,null,null,null,Error
user,State,himachal-pradesh,2021,3.json,null,null,null,null,null,null,null,null,Error
user,State,himachal-pradesh,2021,4.json,null,null,null,null,null,null,null,null,Error
user,State,himachal-pradesh,2022,1.json,null,null,null,null,null,null,null,null,Error
user,State,himachal-pradesh,2022,2.json,null,null,null,null,null,null,null,null,Error
user,State,himachal-pradesh,2022,3.json,null,null,null,null,null,null,null,null,Error
user,State,himachal-pradesh,2022,4.json,null,null,null,null,null,null,null,null,Error
user,State,himachal-pradesh,2023,1.json,null,null,null,null,null,null,null,null,Error
user,State,himachal-pradesh,2023,2.json,null,null,null,null,null,null,null,null,Error
user,State,himachal-pradesh,2023,3.json,null,null,null,null,null,null,null,null,Error
user,State,himachal-pradesh,2023,4.json,null,null,null,null,null,null,null,null,Error
user,State,himachal-pradesh,2024,1.json,null,null,null,null,null,null,null,null,Error
user,State,himachal-pradesh,2024,2.json,null,null,null,null,null,null,null,null,Error
user,State,himachal-pradesh,2024,3.json,null,null,null,null,null,null,null,null,Error
user,State,himachal-pradesh,2024,4.json,null,null,null,null,null,null,null,null,Error
user,State,jammu-&-kashmir,2018,1.json,null,null,null,null,null,null,null,null,Error
user,State,jammu-&-kashmir,2018,2.json,null,null,null,null,null,null,null,null,Error
user,State,jammu-&-kashmir,2018,3.json,null,null,null,null,null,null,null,null,Error
user,State,jammu-&-kashmir,2018,4.json,null,null,null,null,null,null,null,null,Error
user,State,jammu-&-kashmir,2019,1.json,null,null,null,null,null,null,null,null,Error
user,State,jammu-&-kashmir,2019,2.json,null,null,null,null,null,null,null,null,Error
user,State,jammu-&-kashmir,2019,3.json,null,null,null,null,null,null,null,null,Error
user,State,jammu-&-kashmir,2019,4.json,null,null,null,null,null,null,null,null,Error
user,State,jammu-&-kashmir,2020,1.json,null,null,null,null,null,null,null,null,Error
user,State,jammu-&-kashmir,2020,2.json,null,null,null,null,null,null,null,null,Error
user,State,jammu-&-kashmir,2020,3.json,null,null,null,null,null,null,null,null,Error
user,State,jammu-&-kashmir,2020,4.json,null,null,null,null,null,null,null,null,Error
user,State,jammu-&-kashmir,2021,1.json,null,null,null,null,null,null,null,null,Error
user,State,jammu-&-kashmir,2021,2.json,null,null,null,null,null,null,null,null,Error
user,State,jammu-&-kashmir,2021,3.json,null,null,null,null,null,null,null,null,Error
user,State,jammu-&-kashmir,2021,4.json,null,null,null,null,null,null,null,null,Error
user,State,jammu-&-kashmir,2022,1.json,null,null,null,null,null,null,null,null,Error
user,State,jammu-&-kashmir,2022,2.json,null,null,null,null,null,null,null,null,Error
user,State,jammu-&-kashmir,2022,3.json,null,null,null,null,null,null,null,null,Error
user,State,jammu-&-kashmir,2022,4.json,null,null,null,null,null,null,null,null,Error
user,State,jammu-&-kashmir,2023,1.json,null,null,null,null,null,null,null,null,Error
user,State,jammu-&-kashmir,2023,2.json,null,null,null,null,null,null,null,null,Error
user,State,jammu-&-kashmir,2023,3.json,null,null,null,null,null,null,null,null,Error
user,State,jammu-&-kashmir,2023,4.json,null,null,null,null,null,null,null,null,Error
user,State,jammu-&-kashmir,2024,1.json,null,null,null,null,null,null,null,null,Error
user,State,jammu-&-kashmir,2024,2.json,null,null,null,null,null,null,null,null,Error
user,State,jammu-&-kashmir,2024,3.json,null,null,null,null,null,null,null,null,Error
user,State,jammu-&-kashmir,2024,4.json,null,null,null,null,null,null,null,null,Error
user,State,jharkhand,2018,1.json,null,null,null,null,null,null,null,null,Error
user,State,jharkhand,2018,2.json,null,null,null,null,null,null,null,null,Error
user,State,jharkhand,2018,3.json,null,null,null,null,null,null,null,null,Error
user,State,jharkhand,2018,4.json,null,null,null,null,null,null,null,null,Error
user,State,jharkhand,2019,1.json,null,null,null,null,null,null,null,null,Error
user,State,jharkhand,2019,2.json,null,null,null,null,null,null,null,null,Error
user,State,jharkhand,2019,3.json,null,null,null,null,null,null,null,null,Error
user,State,jharkhand,2019,4.json,null,null,null,null,null,null,null,null,Error
user,State,jharkhand,2020,1.json,null,null,null,null,null,null,null,null,Error
user,State,jharkhand,2020,2.json,null,null,null,null,null,null,null,null,Error
user,State,jharkhand,2020,3.json,null,null,null,null,null,null,null,null,Error
user,State,jharkhand,2020,4.json,null,null,null,null,null,null,null,null,Error
user,State,jharkhand,2021,1.json,null,null,null,null,null,null,null,null,Error
user,State,jharkhand,2021,2.json,null,null,null,null,null,null,null,null,Error
user,State,jharkhand,2021,3.json,null,null,null,null,null,null,null,null,Error
user,State,jharkhand,2021,4.json,null,null,null,null,null,null,null,null,Error
user,State,jharkhand,2022,1.json,null,null,null,null,null,null,null,null,Error
user,State,jharkhand,2022,2.json,null,null,null,null,null,null,null,null,Error
user,State,jharkhand,2022,3.json,null,null,null,null,null,null,null,null,Error
user,State,jharkhand,2022,4.json,null,null,null,null,null,null,null,null,Error
user,State,jharkhand,2023,1.json,null,null,null,null,null,null,null,null,Error
user,State,jharkhand,2023,2.json,null,null,null,null,null,null,null,null,Error
user,State,jharkhand,2023,3.json,null,null,null,null,null,null,null,null,Error
user,State,jharkhand,2023,4.json,null,null,null,null,null,null,null,null,Error
user,State,jharkhand,2024,1.json,null,null,null,null,null,null,null,null,Error
user,State,jharkhand,2024,2.json,null,null,null,null,null,null,null,null,Error
user,State,jharkhand,2024,3.json,null,null,null,null,null,null,null,null,Error
user,State,jharkhand,2024,4.json,null,null,null,null,null,null,null,null,Error
user,State,karnataka,2018,1.json,null,null,null,null,null,null,null,null,Error
user,State,karnataka,2018,2.json,null,null,null,null,null,null,null,null,Error
user,State,karnataka,2018,3.json,null,null,null,null,null,null,null,null,Error
user,State,karnataka,2018,4.json,null,null,null,null,null,null,null,null,Error
user,State,karnataka,2019,1.json,null,null,null,null,null,null,null,null,Error
user,State,karnataka,2019,2.json,null,null,null,null,null,null,null,null,Error
user,State,karnataka,2019,3.json,null,null,null,null,null,null,null,null,Error
user,State,karnataka,2019,4.json,null,null,null,null,null,null,null,null,Error
user,State,karnataka,2020,1.json,null,null,null,null,null,null,null,null,Error
user,State,karnataka,2020,2.json,null,null,null,null,null,null,null,null,Error
user,State,karnataka,2020,3.json,null,null,null,null,null,null,null,null,Error
user,State,karnataka,2020,4.json,null,null,null,null,null,null,null,null,Error
user,State,karnataka,2021,1.json,null,null,null,null,null,null,null,null,Error
user,State,karnataka,2021,2.json,null,null,null,null,null,null,null,null,Error
user,State,karnataka,2021,3.json,null,null,null,null,null,null,null,null,Error
user,State,karnataka,2021,4.json,null,null,null,null,null,null,null,null,Error
user,State,karnataka,2022,1.json,null,null,null,null,null,null,null,null,Error
user,State,karnataka,2022,2.json,null,null,null,null,null,null,null,null,Error
user,State,karnataka,2022,3.json,null,null,null,null,null,null,null,null,Error
user,State,karnataka,2022,4.json,null,null,null,null,null,null,null,null,Error
user,State,karnataka,2023,1.json,null,null,null,null,null,null,null,null,Error
user,State,karnataka,2023,2.json,null,null,null,null,null,null,null,null,Error
user,State,karnataka,2023,3.json,null,null,null,null,null,null,null,null,Error
user,State,karnataka,2023,4.json,null,null,null,null,null,null,null,null,Error
user,State,karnataka,2024,1.json,null,null,null,null,null,null,null,null,Error
user,State,karnataka,2024,2.json,null,null,null,null,null,null,null,null,Error
user,State,karnataka,2024,3.json,null,null,null,null,null,null,null,null,Error
user,State,karnataka,2024,4.json,null,null,null,null,null,null,null,null,Error
user,State,kerala,2018,1.json,null,null,null,null,null,null,null,null,Error
user,State,kerala,2018,2.json,null,null,null,null,null,null,null,null,Error
user,State,kerala,2018,3.json,null,null,null,null,null,null,null,null,Error
user,State,kerala,2018,4.json,null,null,null,null,null,null,null,null,Error
user,State,kerala,2019,1.json,null,null,null,null,null,null,null,null,Error
user,State,kerala,2019,2.json,null,null,null,null,null,null,null,null,Error
user,State,kerala,2019,3.json,null,null,null,null,null,null,null,null,Error
user,State,kerala,2019,4.json,null,null,null,null,null,null,null,null,Error
user,State,kerala,2020,1.json,null,null,null,null,null,null,null,null,Error
user,State,kerala,2020,2.json,null,null,null,null,null,null,null,null,Error
user,State,kerala,2020,3.json,null,null,null,null,null,null,null,null,Error
user,State,kerala,2020,4.json,null,null,null,null,null,null,null,null,Error
user,State,kerala,2021,1.json,null,null,null,null,null,null,null,null,Error
user,State,kerala,2021,2.json,null,null,null,null,null,null,null,null,Error
user,State,kerala,2021,3.json,null,null,null,null,null,null,null,null,Error
user,State,kerala,2021,4.json,null,null,null,null,null,null,null,null,Error
user,State,kerala,2022,1.json,null,null,null,null,null,null,null,null,Error
user,State,kerala,2022,2.json,null,null,null,null,null,null,null,null,Error
user,State,kerala,2022,3.json,null,null,null,null,null,null,null,null,Error
user,State,kerala,2022,4.json,null,null,null,null,null,null,null,null,Error
user,State,kerala,2023,1.json,null,null,null,null,null,null,null,null,Error
user,State,kerala,2023,2.json,null,null,null,null,null,null,null,null,Error
user,State,kerala,2023,3.json,null,null,null,null,null,null,null,null,Error
user,State,kerala,2023,4.json,null,null,null,null,null,null,null,null,Error
user,State,kerala,2024,1.json,null,null,null,null,null,null,null,null,Error
user,State,kerala,2024,2.json,null,null,null,null,null,null,null,null,Error
user,State,kerala,2024,3.json,null,null,null,null,null,null,null,null,Error
user,State,kerala,2024,4.json,null,null,null,null,null,null,null,null,Error
user,State,ladakh,2018,1.json,null,null,null,null,null,null,null,null,Error
user,State,ladakh,2018,2.json,null,null,null,null,null,null,null,null,Error
user,State,ladakh,2018,3.json,null,null,null,null,null,null,null,null,Error
user,State,ladakh,2018,4.json,null,null,null,null,null,null,null,null,Error
user,State,ladakh,2019,1.json,null,null,null,null,null,null,null,null,Error
user,State,ladakh,2019,2.json,null,null,null,null,null,null,null,null,Error
user,State,ladakh,2019,3.json,null,null,null,null,null,null,null,null,Error
user,State,ladakh,2019,4.json,null,null,null,null,null,null,null,null,Error
user,State,ladakh,2020,1.json,null,null,null,null,null,null,null,null,Error
user,State,ladakh,2020,2.json,null,null,null,null,null,null,null,null,Error
user,State,ladakh,2020,3.json,null,null,null,null,null,null,null,null,Error
user,State,ladakh,2020,4.json,null,null,null,null,null,null,null,null,Error
user,State,ladakh,2021,1.json,null,null,null,null,null,null,null,null,Error
user,State,ladakh,2021,2.json,null,null,null,null,null,null,null,null,Error
user,State,ladakh,2021,3.json,null,null,null,null,null,null,null,null,Error
user,State,ladakh,2021,4.json,null,null,null,null,null,null,null,null,Error
user,State,ladakh,2022,1.json,null,null,null,null,null,null,null,null,Error
user,State,ladakh,2022,2.json,null,null,null,null,null,null,null,null,Error
user,State,ladakh,2022,3.json,null,null,null,null,null,null,null,null,Error
user,State,ladakh,2022,4.json,null,null,null,null,null,null,null,null,Error
user,State,ladakh,2023,1.json,null,null,null,null,null,null,null,null,Error
user,State,ladakh,2023,2.json,null,null,null,null,null,null,null,null,Error
user,State,ladakh,2023,3.json,null,null,null,null,null,null,null,null,Error
user,State,ladakh,2023,4.json,null,null,null,null,null,null,null,null,Error
user,State,ladakh,2024,1.json,null,null,null,null,null,null,null,null,Error
user,State,ladakh,2024,2.json,null,null,null,null,null,null,null,null,Error
user,State,ladakh,2024,3.json,null,null,null,null,null,null,null,null,Error
user,State,ladakh,2024,4.json,null,null,null,null,null,null,null,null,Error
user,State,lakshadweep,2018,1.json,null,null,null,null,null,null,null,null,Error
user,State,lakshadweep,2018,2.json,null,null,null,null,null,null,null,null,Error
user,State,lakshadweep,2018,3.json,null,null,null,null,null,null,null,null,Error
user,State,lakshadweep,2018,4.json,null,null,null,null,null,null,null,null,Error
user,State,lakshadweep,2019,1.json,null,null,null,null,null,null,null,null,Error
user,State,lakshadweep,2019,2.json,null,null,null,null,null,null,null,null,Error
user,State,lakshadweep,2019,3.json,null,null,null,null,null,null,null,null,Error
user,State,lakshadweep,2019,4.json,null,null,null,null,null,null,null,null,Error
user,State,lakshadweep,2020,1.json,null,null,null,null,null,null,null,null,Error
user,State,lakshadweep,2020,2.json,null,null,null,null,null,null,null,null,Error
user,State,lakshadweep,2020,3.json,null,null,null,null,null,null,null,null,Error
user,State,lakshadweep,2020,4.json,null,null,null,null,null,null,null,null,Error
user,State,lakshadweep,2021,1.json,null,null,null,null,null,null,null,null,Error
user,State,lakshadweep,2021,2.json,null,null,null,null,null,null,null,null,Error
user,State,lakshadweep,2021,3.json,null,null,null,null,null,null,null,null,Error
user,State,lakshadweep,2021,4.json,null,null,null,null,null,null,null,null,Error
user,State,lakshadweep,2022,1.json,null,null,null,null,null,null,null,null,Error
user,State,lakshadweep,2022,2.json,null,null,null,null,null,null,null,null,Error
user,State,lakshadweep,2022,3.json,null,null,null,null,null,null,null,null,Error
user,State,lakshadweep,2022,4.json,null,null,null,null,null,null,null,null,Error
user,State,lakshadweep,2023,1.json,null,null,null,null,null,null,null,null,Error
user,State,lakshadweep,2023,2.json,null,null,null,null,null,null,null,null,Error
user,State,lakshadweep,2023,3.json,null,null,null,null,null,null,null,null,Error
user,State,lakshadweep,2023,4.json,null,null,null,null,null,null,null,null,Error
user,State,lakshadweep,2024,1.json,null,null,null,null,null,null,null,null,Error
user,State,lakshadweep,2024,2.json,null,null,null,null,null,null,null,null,Error
user,State,lakshadweep,2024,3.json,null,null,null,null,null,null,null,null,Error
user,State,lakshadweep,2024,4.json,null,null,null,null,null,null,null,null,Error
user,State,madhya-pradesh,2018,1.json,null,null,null,null,null,null,null,null,Error
user,State,madhya-pradesh,2018,2.json,null,null,null,null,null,null,null,null,Error
user,State,madhya-pradesh,2018,3.json,null,null,null,null,null,null,null,null,Error
user,State,madhya-pradesh,2018,4.json,null,null,null,null,null,null,null,null,Error
user,State,madhya-pradesh,2019,1.json,null,null,null,null,null,null,null,null,Error
user,State,madhya-pradesh,2019,2.json,null,null,null,null,null,null,null,null,Error
user,State,madhya-pradesh,2019,3.json,null,null,null,null,null,null,null,null,Error
user,State,madhya-pradesh,2019,4.json,null,null,null,null,null,null,null,null,Error
user,State,madhya-pradesh,2020,1.json,null,null,null,null,null,null,null,null,Error
user,State,madhya-pradesh,2020,2.json,null,null,null,null,null,null,null,null,Error
user,State,madhya-pradesh,2020,3.json,null,null,null,null,null,null,null,null,Error
user,State,madhya-pradesh,2020,4.json,null,null,null,null,null,null,null,null,Error
user,State,madhya-pradesh,2021,1.json,null,null,null,null,null,null,null,null,Error
user,State,madhya-pradesh,2021,2.json,null,null,null,null,null,null,null,null,Error
user,State,madhya-pradesh,2021,3.json,null,null,null,null,null,null,null,null,Error
user,State,madhya-pradesh,2021,4.json,null,null,null,null,null,null,null,null,Error
user,State,madhya-pradesh,2022,1.json,null,null,null,null,null,null,null,null,Error
user,State,madhya-pradesh,2022,2.json,null,null,null,null,null,null,null,null,Error
user,State,madhya-pradesh,2022,3.json,null,null,null,null,null,null,null,null,Error
user,State,madhya-pradesh,2022,4.json,null,null,null,null,null,null,null,null,Error
user,State,madhya-pradesh,2023,1.json,null,null,null,null,null,null,null,null,Error
user,State,madhya-pradesh,2023,2.json,null,null,null,null,null,null,null,null,Error
user,State,madhya-pradesh,2023,3.json,null,null,null,null,null,null,null,null,Error
user,State,madhya-pradesh,2023,4.json,null,null,null,null,null,null,null,null,Error
user,State,madhya-pradesh,2024,1.json,null,null,null,null,null,null,null,null,Error
user,State,madhya-pradesh,2024,2.json,null,null,null,null,null,null,null,null,Error
user,State,madhya-pradesh,2024,3.json,null,null,null,null,null,null,null,null,Error
user,State,madhya-pradesh,2024,4.json,null,null,null,null,null,null,null,null,Error
user,State,maharashtra,2018,1.json,null,null,null,null,null,null,null,null,Error
user,State,maharashtra,2018,2.json,null,null,null,null,null,null,null,null,Error
user,State,maharashtra,2018,3.json,null,null,null,null,null,null,null,null,Error
user,State,maharashtra,2018,4.json,null,null,null,null,null,null,null,null,Error
user,State,maharashtra,2019,1.json,null,null,null,null,null,null,null,null,Error
user,State,maharashtra,2019,2.json,null,null,null,null,null,null,null,null,Error
user,State,maharashtra,2019,3.json,null,null,null,null,null,null,null,null,Error
user,State,maharashtra,2019,4.json,null,null,null,null,null,null,null,null,Error
user,State,maharashtra,2020,1.json,null,null,null,null,null,null,null,null,Error
user,State,maharashtra,2020,2.json,null,null,null,null,null,null,null,null,Error
user,State,maharashtra,2020,3.json,null,null,null,null,null,null,null,null,Error
user,State,maharashtra,2020,4.json,null,null,null,null,null,null,null,null,Error
user,State,maharashtra,2021,1.json,null,null,null,null,null,null,null,null,Error
user,State,maharashtra,2021,2.json,null,null,null,null,null,null,null,null,Error
user,State,maharashtra,2021,3.json,null,null,null,null,null,null,null,null,Error
user,State,maharashtra,2021,4.json,null,null,null,null,null,null,null,null,Error
user,State,maharashtra,2022,1.json,null,null,null,null,null,null,null,null,Error
user,State,maharashtra,2022,2.json,null,null,null,null,null,null,null,null,Error
user,State,maharashtra,2022,3.json,null,null,null,null,null,null,null,null,Error
user,State,maharashtra,2022,4.json,null,null,null,null,null,null,null,null,Error
user,State,maharashtra,2023,1.json,null,null,null,null,null,null,null,null,Error
user,State,maharashtra,2023,2.json,null,null,null,null,null,null,null,null,Error
user,State,maharashtra,2023,3.json,null,null,null,null,null,null,null,null,Error
user,State,maharashtra,2023,4.json,null,null,null,null,null,null,null,null,Error
user,State,maharashtra,2024,1.json,null,null,null,null,null,null,null,null,Error
user,State,maharashtra,2024,2.json,null,null,null,null,null,null,null,null,Error
user,State,maharashtra,2024,3.json,null,null,null,null,null,null,null,null,Error
user,State,maharashtra,2024,4.json,null,null,null,null,null,null,null,null,Error
user,State,manipur,2018,1.json,null,null,null,null,null,null,null,null,Error
user,State,manipur,2018,2.json,null,null,null,null,null,null,null,null,Error
user,State,manipur,2018,3.json,null,null,null,null,null,null,null,null,Error
user,State,manipur,2018,4.json,null,null,null,null,null,null,null,null,Error
user,State,manipur,2019,1.json,null,null,null,null,null,null,null,null,Error
user,State,manipur,2019,2.json,null,null,null,null,null,null,null,null,Error
user,State,manipur,2019,3.json,null,null,null,null,null,null,null,null,Error
user,State,manipur,2019,4.json,null,null,null,null,null,null,null,null,Error
user,State,manipur,2020,1.json,null,null,null,null,null,null,null,null,Error
user,State,manipur,2020,2.json,null,null,null,null,null,null,null,null,Error
user,State,manipur,2020,3.json,null,null,null,null,null,null,null,null,Error
user,State,manipur,2020,4.json,null,null,null,null,null,null,null,null,Error
user,State,manipur,2021,1.json,null,null,null,null,null,null,null,null,Error
user,State,manipur,2021,2.json,null,null,null,null,null,null,null,null,Error
user,State,manipur,2021,3.json,null,null,null,null,null,null,null,null,Error
user,State,manipur,2021,4.json,null,null,null,null,null,null,null,null,Error
user,State,manipur,2022,1.json,null,null,null,null,null,null,null,null,Error
user,State,manipur,2022,2.json,null,null,null,null,null,null,null,null,Error
user,State,manipur,2022,3.json,null,null,null,null,null,null,null,null,Error
user,State,manipur,2022,4.json,null,null,null,null,null,null,null,null,Error
user,State,manipur,2023,1.json,null,null,null,null,null,null,null,null,Error
user,State,manipur,2023,2.json,null,null,null,null,null,null,null,null,Error
user,State,manipur,2023,3.json,null,null,null,null,null,null,null,null,Error
user,State,manipur,2023,4.json,null,null,null,null,null,null,null,null,Error
user,State,manipur,2024,1.json,null,null,null,null,null,null,null,null,Error
user,State,manipur,2024,2.json,null,null,null,null,null,null,null,null,Error
user,State,manipur,2024,3.json,null,null,null,null,null,null,null,null,Error
user,State,manipur,2024,4.json,null,null,null,null,null,null,null,null,Error
user,State,meghalaya,2018,1.json,null,null,null,null,null,null,null,null,Error
user,State,meghalaya,2018,2.json,null,null,null,null,null,null,null,null,Error
user,State,meghalaya,2018,3.json,null,null,null,null,null,null,null,null,Error
user,State,meghalaya,2018,4.json,null,null,null,null,null,null,null,null,Error
user,State,meghalaya,2019,1.json,null,null,null,null,null,null,null,null,Error
user,State,meghalaya,2019,2.json,null,null,null,null,null,null,null,null,Error
user,State,meghalaya,2019,3.json,null,null,null,null,null,null,null,null,Error
user,State,meghalaya,2019,4.json,null,null,null,null,null,null,null,null,Error
user,State,meghalaya,2020,1.json,null,null,null,null,null,null,null,null,Error
user,State,meghalaya,2020,2.json,null,null,null,null,null,null,null,null,Error
user,State,meghalaya,2020,3.json,null,null,null,null,null,null,null,null,Error
user,State,meghalaya,2020,4.json,null,null,null,null,null,null,null,null,Error
user,State,meghalaya,2021,1.json,null,null,null,null,null,null,null,null,Error
user,State,meghalaya,2021,2.json,null,null,null,null,null,null,null,null,Error
user,State,meghalaya,2021,3.json,null,null,null,null,null,null,null,null,Error
user,State,meghalaya,2021,4.json,null,null,null,null,null,null,null,null,Error
user,State,meghalaya,2022,1.json,null,null,null,null,null,null,null,null,Error
user,State,meghalaya,2022,2.json,null,null,null,null,null,null,null,null,Error
user,State,meghalaya,2022,3.json,null,null,null,null,null,null,null,null,Error
user,State,meghalaya,2022,4.json,null,null,null,null,null,null,null,null,Error
user,State,meghalaya,2023,1.json,null,null,null,null,null,null,null,null,Error
user,State,meghalaya,2023,2.json,null,null,null,null,null,null,null,null,Error
user,State,meghalaya,2023,3.json,null,null,null,null,null,null,null,null,Error
user,State,meghalaya,2023,4.json,null,null,null,null,null,null,null,null,Error
user,State,meghalaya,2024,1.json,null,null,null,null,null,null,null,null,Error
user,State,meghalaya,2024,2.json,null,null,null,null,null,null,null,null,Error
user,State,meghalaya,2024,3.json,null,null,null,null,null,null,null,null,Error
user,State,meghalaya,2024,4.json,null,null,null,null,null,null,null,null,Error
user,State,mizoram,2018,1.json,null,null,null,null,null,null,null,null,Error
user,State,mizoram,2018,2.json,null,null,null,null,null,null,null,null,Error
user,State,mizoram,2018,3.json,null,null,null,null,null,null,null,null,Error
user,State,mizoram,2018,4.json,null,null,null,null,null,null,null,null,Error
user,State,mizoram,2019,1.json,null,null,null,null,null,null,null,null,Error
user,State,mizoram,2019,2.json,null,null,null,null,null,null,null,null,Error
user,State,mizoram,2019,3.json,null,null,null,null,null,null,null,null,Error
user,State,mizoram,2019,4.json,null,null,null,null,null,null,null,null,Error
user,State,mizoram,2020,1.json,null,null,null,null,null,null,null,null,Error
user,State,mizoram,2020,2.json,null,null,null,null,null,null,null,null,Error
user,State,mizoram,2020,3.json,null,null,null,null,null,null,null,null,Error
user,State,mizoram,2020,4.json,null,null,null,null,null,null,null,null,Error
user,State,mizoram,2021,1.json,null,null,null,null,null,null,null,null,Error
user,State,mizoram,2021,2.json,null,null,null,null,null,null,null,null,Error
user,State,mizoram,2021,3.json,null,null,null,null,null,null,null,null,Error
user,State,mizoram,2021,4.json,null,null,null,null,null,null,null,null,Error
user,State,mizoram,2022,1.json,null,null,null,null,null,null,null,null,Error
user,State,mizoram,2022,2.json,null,null,null,null,null,null,null,null,Error
user,State,mizoram,2022,3.json,null,null,null,null,null,null,null,null,Error
user,State,mizoram,2022,4.json,null,null,null,null,null,null,null,null,Error
user,State,mizoram,2023,1.json,null,null,null,null,null,null,null,null,Error
user,State,mizoram,2023,2.json,null,null,null,null,null,null,null,null,Error
user,State,mizoram,2023,3.json,null,null,null,null,null,null,null,null,Error
user,State,mizoram,2023,4.json,null,null,null,null,null,null,null,null,Error
user,State,mizoram,2024,1.json,null,null,null,null,null,null,null,null,Error
user,State,mizoram,2024,2.json,null,null,null,null,null,null,null,null,Error
user,State,mizoram,2024,3.json,null,null,null,null,null,null,null,null,Error
user,State,mizoram,2024,4.json,null,null,null,null,null,null,null,null,Error
user,State,nagaland,2018,1.json,null,null,null,null,null,null,null,null,Error
user,State,nagaland,2018,2.json,null,null,null,null,null,null,null,null,Error
user,State,nagaland,2018,3.json,null,null,null,null,null,null,null,null,Error
user,State,nagaland,2018,4.json,null,null,null,null,null,null,null,null,Error
user,State,nagaland,2019,1.json,null,null,null,null,null,null,null,null,Error
user,State,nagaland,2019,2.json,null,null,null,null,null,null,null,null,Error
user,State,nagaland,2019,3.json,null,null,null,null,null,null,null,null,Error
user,State,nagaland,2019,4.json,null,null,null,null,null,null,null,null,Error
user,State,nagaland,2020,1.json,null,null,null,null,null,null,null,null,Error
user,State,nagaland,2020,2.json,null,null,null,null,null,null,null,null,Error
user,State,nagaland,2020,3.json,null,null,null,null,null,null,null,null,Error
user,State,nagaland,2020,4.json,null,null,null,null,null,null,null,null,Error
user,State,nagaland,2021,1.json,null,null,null,null,null,null,null,null,Error
user,State,nagaland,2021,2.json,null,null,null,null,null,null,null,null,Error
user,State,nagaland,2021,3.json,null,null,null,null,null,null,null,null,Error
user,State,nagaland,2021,4.json,null,null,null,null,null,null,null,null,Error
user,State,nagaland,2022,1.json,null,null,null,null,null,null,null,null,Error
user,State,nagaland,2022,2.json,null,null,null,null,null,null,null,null,Error
user,State,nagaland,2022,3.json,null,null,null,null,null,null,null,null,Error
user,State,nagaland,2022,4.json,null,null,null,null,null,null,null,null,Error
user,State,nagaland,2023,1.json,null,null,null,null,null,null,null,null,Error
user,State,nagaland,2023,2.json,null,null,null,null,null,null,null,null,Error
user,State,nagaland,2023,3.json,null,null,null,null,null,null,null,null,Error
user,State,nagaland,2023,4.json,null,null,null,null,null,null,null,null,Error
user,State,nagaland,2024,1.json,null,null,null,null,null,null,null,null,Error
user,State,nagaland,2024,2.json,null,null,null,null,null,null,null,null,Error
user,State,nagaland,2024,3.json,null,null,null,null,null,null,null,null,Error
user,State,nagaland,2024,4.json,null,null,null,null,null,null,null,null,Error
user,State,odisha,2018,1.json,null,null,null,null,null,null,null,null,Error
user,State,odisha,2018,2.json,null,null,null,null,null,null,null,null,Error
user,State,odisha,2018,3.json,null,null,null,null,null,null,null,null,Error
user,State,odisha,2018,4.json,null,null,null,null,null,null,null,null,Error
user,State,odisha,2019,1.json,null,null,null,null,null,null,null,null,Error
user,State,odisha,2019,2.json,null,null,null,null,null,null,null,null,Error
user,State,odisha,2019,3.json,null,null,null,null,null,null,null,null,Error
user,State,odisha,2019,4.json,null,null,null,null,null,null,null,null,Error
user,State,odisha,2020,1.json,null,null,null,null,null,null,null,null,Error
user,State,odisha,2020,2.json,null,null,null,null,null,null,null,null,Error
user,State,odisha,2020,3.json,null,null,null,null,null,null,null,null,Error
user,State,odisha,2020,4.json,null,null,null,null,null,null,null,null,Error
user,State,odisha,2021,1.json,null,null,null,null,null,null,null,null,Error
user,State,odisha,2021,2.json,null,null,null,null,null,null,null,null,Error
user,State,odisha,2021,3.json,null,null,null,null,null,null,null,null,Error
user,State,odisha,2021,4.json,null,null,null,null,null,null,null,null,Error
user,State,odisha,2022,1.json,null,null,null,null,null,null,null,null,Error
user,State,odisha,2022,2.json,null,null,null,null,null,null,null,null,Error
user,State,odisha,2022,3.json,null,null,null,null,null,null,null,null,Error
user,State,odisha,2022,4.json,null,null,null,null,null,null,null,null,Error
user,State,odisha,2023,1.json,null,null,null,null,null,null,null,null,Error
user,State,odisha,2023,2.json,null,null,null,null,null,null,null,null,Error
user,State,odisha,2023,3.json,null,null,null,null,null,null,null,null,Error
user,State,odisha,2023,4.json,null,null,null,null,null,null,null,null,Error
user,State,odisha,2024,1.json,null,null,null,null,null,null,null,null,Error
user,State,odisha,2024,2.json,null,null,null,null,null,null,null,null,Error
user,State,odisha,2024,3.json,null,null,null,null,null,null,null,null,Error
user,State,odisha,2024,4.json,null,null,null,null,null,null,null,null,Error
user,State,puducherry,2018,1.json,null,null,null,null,null,null,null,null,Error
user,State,puducherry,2018,2.json,null,null,null,null,null,null,null,null,Error
user,State,puducherry,2018,3.json,null,null,null,null,null,null,null,null,Error
user,State,puducherry,2018,4.json,null,null,null,null,null,null,null,null,Error
user,State,puducherry,2019,1.json,null,null,null,null,null,null,null,null,Error
user,State,puducherry,2019,2.json,null,null,null,null,null,null,null,null,Error
user,State,puducherry,2019,3.json,null,null,null,null,null,null,null,null,Error
user,State,puducherry,2019,4.json,null,null,null,null,null,null,null,null,Error
user,State,puducherry,2020,1.json,null,null,null,null,null,null,null,null,Error
user,State,puducherry,2020,2.json,null,null,null,null,null,null,null,null,Error
user,State,puducherry,2020,3.json,null,null,null,null,null,null,null,null,Error
user,State,puducherry,2020,4.json,null,null,null,null,null,null,null,null,Error
user,State,puducherry,2021,1.json,null,null,null,null,null,null,null,null,Error
user,State,puducherry,2021,2.json,null,null,null,null,null,null,null,null,Error
user,State,puducherry,2021,3.json,null,null,null,null,null,null,null,null,Error
user,State,puducherry,2021,4.json,null,null,null,null,null,null,null,null,Error
user,State,puducherry,2022,1.json,null,null,null,null,null,null,null,null,Error
user,State,puducherry,2022,2.json,null,null,null,null,null,null,null,null,Error
user,State,puducherry,2022,3.json,null,null,null,null,null,null,null,null,Error
user,State,puducherry,2022,4.json,null,null,null,null,null,null,null,null,Error
user,State,puducherry,2023,1.json,null,null,null,null,null,null,null,null,Error
user,State,puducherry,2023,2.json,null,null,null,null,null,null,null,null,Error
user,State,puducherry,2023,3.json,null,null,null,null,null,null,null,null,Error
user,State,puducherry,2023,4.json,null,null,null,null,null,null,null,null,Error
user,State,puducherry,2024,1.json,null,null,null,null,null,null,null,null,Error
user,State,puducherry,2024,2.json,null,null,null,null,null,null,null,null,Error
user,State,puducherry,2024,3.json,null,null,null,null,null,null,null,null,Error
user,State,puducherry,2024,4.json,null,null,null,null,null,null,null,null,Error
user,State,punjab,2018,1.json,null,null,null,null,null,null,null,null,Error
user,State,punjab,2018,2.json,null,null,null,null,null,null,null,null,Error
user,State,punjab,2018,3.json,null,null,null,null,null,null,null,null,Error
user,State,punjab,2018,4.json,null,null,null,null,null,null,null,null,Error
user,State,punjab,2019,1.json,null,null,null,null,null,null,null,null,Error
user,State,punjab,2019,2.json,null,null,null,null,null,null,null,null,Error
user,State,punjab,2019,3.json,null,null,null,null,null,null,null,null,Error
user,State,punjab,2019,4.json,null,null,null,null,null,null,null,null,Error
user,State,punjab,2020,1.json,null,null,null,null,null,null,null,null,Error
user,State,punjab,2020,2.json,null,null,null,null,null,null,null,null,Error
user,State,punjab,2020,3.json,null,null,null,null,null,null,null,null,Error
user,State,punjab,2020,4.json,null,null,null,null,null,null,null,null,Error
user,State,punjab,2021,1.json,null,null,null,null,null,null,null,null,Error
user,State,punjab,2021,2.json,null,null,null,null,null,null,null,null,Error
user,State,punjab,2021,3.json,null,null,null,null,null,null,null,null,Error
user,State,punjab,2021,4.json,null,null,null,null,null,null,null,null,Error
user,State,punjab,2022,1.json,null,null,null,null,null,null,null,null,Error
user,State,punjab,2022,2.json,null,null,null,null,null,null,null,null,Error
user,State,punjab,2022,3.json,null,null,null,null,null,null,null,null,Error
user,State,punjab,2022,4.json,null,null,null,null,null,null,null,null,Error
user,State,punjab,2023,1.json,null,null,null,null,null,null,null,null,Error
user,State,punjab,2023,2.json,null,null,null,null,null,null,null,null,Error
user,State,punjab,2023,3.json,null,null,null,null,null,null,null,null,Error
user,State,punjab,2023,4.json,null,null,null,null,null,null,null,null,Error
user,State,punjab,2024,1.json,null,null,null,null,null,null,null,null,Error
user,State,punjab,2024,2.json,null,null,null,null,null,null,null,null,Error
user,State,punjab,2024,3.json,null,null,null,null,null,null,null,null,Error
user,State,punjab,2024,4.json,null,null,null,null,null,null,null,null,Error
user,State,rajasthan,2018,1.json,null,null,null,null,null,null,null,null,Error
user,State,rajasthan,2018,2.json,null,null,null,null,null,null,null,null,Error
user,State,rajasthan,2018,3.json,null,null,null,null,null,null,null,null,Error
user,State,rajasthan,2018,4.json,null,null,null,null,null,null,null,null,Error
user,State,rajasthan,2019,1.json,null,null,null,null,null,null,null,null,Error
user,State,rajasthan,2019,2.json,null,null,null,null,null,null,null,null,Error
user,State,rajasthan,2019,3.json,null,null,null,null,null,null,null,null,Error
user,State,rajasthan,2019,4.json,null,null,null,null,null,null,null,null,Error
user,State,rajasthan,2020,1.json,null,null,null,null,null,null,null,null,Error
user,State,rajasthan,2020,2.json,null,null,null,null,null,null,null,null,Error
user,State,rajasthan,2020,3.json,null,null,null,null,null,null,null,null,Error
user,State,rajasthan,2020,4.json,null,null,null,null,null,null,null,null,Error
user,State,rajasthan,2021,1.json,null,null,null,null,null,null,null,null,Error
user,State,rajasthan,2021,2.json,null,null,null,null,null,null,null,null,Error
user,State,rajasthan,2021,3.json,null,null,null,null,null,null,null,null,Error
user,State,rajasthan,2021,4.json,null,null,null,null,null,null,null,null,Error
user,State,rajasthan,2022,1.json,null,null,null,null,null,null,null,null,Error
user,State,rajasthan,2022,2.json,null,null,null,null,null,null,null,null,Error
user,State,rajasthan,2022,3.json,null,null,null,null,null,null,null,null,Error
user,State,rajasthan,2022,4.json,null,null,null,null,null,null,null,null,Error
user,State,rajasthan,2023,1.json,null,null,null,null,null,null,null,null,Error
user,State,rajasthan,2023,2.json,null,null,null,null,null,null,null,null,Error
user,State,rajasthan,2023,3.json,null,null,null,null,null,null,null,null,Error
user,State,rajasthan,2023,4.json,null,null,null,null,null,null,null,null,Error
user,State,rajasthan,2024,1.json,null,null,null,null,null,null,null,null,Error
user,State,rajasthan,2024,2.json,null,null,null,null,null,null,null,null,Error
user,State,rajasthan,2024,3.json,null,null,null,null,null,null,null,null,Error
user,State,rajasthan,2024,4.json,null,null,null,null,null,null,null,null,Error
user,State,sikkim,2018,1.json,null,null,null,null,null,null,null,null,Error
user,State,sikkim,2018,2.json,null,null,null,null,null,null,null,null,Error
user,State,sikkim,2018,3.json,null,null,null,null,null,null,null,null,Error
user,State,sikkim,2018,4.json,null,null,null,null,null,null,null,null,Error
user,State,sikkim,2019,1.json,null,null,null,null,null,null,null,null,Error
user,State,sikkim,2019,2.json,null,null,null,null,null,null,null,null,Error
user,State,sikkim,2019,3.json,null,null,null,null,null,null,null,null,Error
user,State,sikkim,2019,4.json,null,null,null,null,null,null,null,null,Error
user,State,sikkim,2020,1.json,null,null,null,null,null,null,null,null,Error
user,State,sikkim,2020,2.json,null,null,null,null,null,null,null,null,Error
user,State,sikkim,2020,3.json,null,null,null,null,null,null,null,null,Error
user,State,sikkim,2020,4.json,null,null,null,null,null,null,null,null,Error
user,State,sikkim,2021,1.json,null,null,null,null,null,null,null,null,Error
user,State,sikkim,2021,2.json,null,null,null,null,null,null,null,null,Error
user,State,sikkim,2021,3.json,null,null,null,null,null,null,null,null,Error
user,State,sikkim,2021,4.json,null,null,null,null,null,null,null,null,Error
user,State,sikkim,2022,1.json,null,null,null,null,null,null,null,null,Error
user,State,sikkim,2022,2.json,null,null,null,null,null,null,null,null,Error
user,State,sikkim,2022,3.json,null,null,null,null,null,null,null,null,Error
user,State,sikkim,2022,4.json,null,null,null,null,null,null,null,null,Error
user,State,sikkim,2023,1.json,null,null,null,null,null,null,null,null,Error
user,State,sikkim,2023,2.json,null,null,null,null,null,null,null,null,Error
user,State,sikkim,2023,3.json,null,null,null,null,null,null,null,null,Error
user,State,sikkim,2023,4.json,null,null,null,null,null,null,null,null,Error
user,State,sikkim,2024,1.json,null,null,null,null,null,null,null,null,Error
user,State,sikkim,2024,2.json,null,null,null,null,null,null,null,null,Error
user,State,sikkim,2024,3.json,null,null,null,null,null,null,null,null,Error
user,State,sikkim,2024,4.json,null,null,null,null,null,null,null,null,Error
user,State,tamil-nadu,2018,1.json,null,null,null,null,null,null,null,null,Error
user,State,tamil-nadu,2018,2.json,null,null,null,null,null,null,null,null,Error
user,State,tamil-nadu,2018,3.json,null,null,null,null,null,null,null,null,Error
user,State,tamil-nadu,2018,4.json,null,null,null,null,null,null,null,null,Error
user,State,tamil-nadu,2019,1.json,null,null,null,null,null,null,null,null,Error
user,State,tamil-nadu,2019,2.json,null,null,null,null,null,null,null,null,Error
user,State,tamil-nadu,2019,3.json,null,null,null,null,null,null,null,null,Error
user,State,tamil-nadu,2019,4.json,null,null,null,null,null,null,null,null,Error
user,State,tamil-nadu,2020,1.json,null,null,null,null,null,null,null,null,Error
user,State,tamil-nadu,2020,2.json,null,null,null,null,null,null,null,null,Error
user,State,tamil-nadu,2020,3.json,null,null,null,null,null,null,null,null,Error
user,State,tamil-nadu,2020,4.json,null,null,null,null,null,null,null,null,Error
user,State,tamil-nadu,2021,1.json,null,null,null,null,null,null,null,null,Error
user,State,tamil-nadu,2021,2.json,null,null,null,null,null,null,null,null,Error
user,State,tamil-nadu,2021,3.json,null,null,null,null,null,null,null,null,Error
user,State,tamil-nadu,2021,4.json,null,null,null,null,null,null,null,null,Error
user,State,tamil-nadu,2022,1.json,null,null,null,null,null,null,null,null,Error
user,State,tamil-nadu,2022,2.json,null,null,null,null,null,null,null,null,Error
user,State,tamil-nadu,2022,3.json,null,null,null,null,null,null,null,null,Error
user,State,tamil-nadu,2022,4.json,null,null,null,null,null,null,null,null,Error
user,State,tamil-nadu,2023,1.json,null,null,null,null,null,null,null,null,Error
user,State,tamil-nadu,2023,2.json,null,null,null,null,null,null,null,null,Error
user,State,tamil-nadu,2023,3.json,null,null,null,null,null,null,null,null,Error
user,State,tamil-nadu,2023,4.json,null,null,null,null,null,null,null,null,Error
user,State,tamil-nadu,2024,1.json,null,null,null,null,null,null,null,null,Error
user,State,tamil-nadu,2024,2.json,null,null,null,null,null,null,null,null,Error
user,State,tamil-nadu,2024,3.json,null,null,null,null,null,null,null,null,Error
user,State,tamil-nadu,2024,4.json,null,null,null,null,null,null,null,null,Error
user,State,telangana,2018,1.json,null,null,null,null,null,null,null,null,Error
user,State,telangana,2018,2.json,null,null,null,null,null,null,null,null,Error
user,State,telangana,2018,3.json,null,null,null,null,null,null,null,null,Error
user,State,telangana,2018,4.json,null,null,null,null,null,null,null,null,Error
user,State,telangana,2019,1.json,null,null,null,null,null,null,null,null,Error
user,State,telangana,2019,2.json,null,null,null,null,null,null,null,null,Error
user,State,telangana,2019,3.json,null,null,null,null,null,null,null,null,Error
user,State,telangana,2019,4.json,null,null,null,null,null,null,null,null,Error
user,State,telangana,2020,1.json,null,null,null,null,null,null,null,null,Error
user,State,telangana,2020,2.json,null,null,null,null,null,null,null,null,Error
user,State,telangana,2020,3.json,null,null,null,null,null,null,null,null,Error
user,State,telangana,2020,4.json,null,null,null,null,null,null,null,null,Error
user,State,telangana,2021,1.json,null,null,null,null,null,null,null,null,Error
user,State,telangana,2021,2.json,null,null,null,null,null,null,null,null,Error
user,State,telangana,2021,3.json,null,null,null,null,null,null,null,null,Error
user,State,telangana,2021,4.json,null,null,null,null,null,null,null,null,Error
user,State,telangana,2022,1.json,null,null,null,null,null,null,null,null,Error
user,State,telangana,2022,2.json,null,null,null,null,null,null,null,null,Error
user,State,telangana,2022,3.json,null,null,null,null,null,null,null,null,Error
user,State,telangana,2022,4.json,null,null,null,null,null,null,null,null,Error
user,State,telangana,2023,1.json,null,null,null,null,null,null,null,null,Error
user,State,telangana,2023,2.json,null,null,null,null,null,null,null,null,Error
user,State,telangana,2023,3.json,null,null,null,null,null,null,null,null,Error
user,State,telangana,2023,4.json,null,null,null,null,null,null,null,null,Error
user,State,telangana,2024,1.json,null,null,null,null,null,null,null,null,Error
user,State,telangana,2024,2.json,null,null,null,null,null,null,null,null,Error
user,State,telangana,2024,3.json,null,null,null,null,null,null,null,null,Error
user,State,telangana,2024,4.json,null,null,null,null,null,null,null,null,Error
user,State,tripura,2018,1.json,null,null,null,null,null,null,null,null,Error
user,State,tripura,2018,2.json,null,null,null,null,null,null,null,null,Error
user,State,tripura,2018,3.json,null,null,null,null,null,null,null,null,Error
user,State,tripura,2018,4.json,null,null,null,null,null,null,null,null,Error
user,State,tripura,2019,1.json,null,null,null,null,null,null,null,null,Error
user,State,tripura,2019,2.json,null,null,null,null,null,null,null,null,Error
user,State,tripura,2019,3.json,null,null,null,null,null,null,null,null,Error
user,State,tripura,2019,4.json,null,null,null,null,null,null,null,null,Error
user,State,tripura,2020,1.json,null,null,null,null,null,null,null,null,Error
user,State,tripura,2020,2.json,null,null,null,null,null,null,null,null,Error
user,State,tripura,2020,3.json,null,null,null,null,null,null,null,null,Error
user,State,tripura,2020,4.json,null,null,null,null,null,null,null,null,Error
user,State,tripura,2021,1.json,null,null,null,null,null,null,null,null,Error
user,State,tripura,2021,2.json,null,null,null,null,null,null,null,null,Error
user,State,tripura,2021,3.json,null,null,null,null,null,null,null,null,Error
user,State,tripura,2021,4.json,null,null,null,null,null,null,null,null,Error
user,State,tripura,2022,1.json,null,null,null,null,null,null,null,null,Error
user,State,tripura,2022,2.json,null,null,null,null,null,null,null,null,Error
user,State,tripura,2022,3.json,null,null,null,null,null,null,null,null,Error
user,State,tripura,2022,4.json,null,null,null,null,null,null,null,null,Error
user,State,tripura,2023,1.json,null,null,null,null,null,null,null,null,Error
user,State,tripura,2023,2.json,null,null,null,null,null,null,null,null,Error
user,State,tripura,2023,3.json,null,null,null,null,null,null,null,null,Error
user,State,tripura,2023,4.json,null,null,null,null,null,null,null,null,Error
user,State,tripura,2024,1.json,null,null,null,null,null,null,null,null,Error
user,State,tripura,2024,2.json,null,null,null,null,null,null,null,null,Error
user,State,tripura,2024,3.json,null,null,null,null,null,null,null,null,Error
user,State,tripura,2024,4.json,null,null,null,null,null,null,null,null,Error
user,State,uttar-pradesh,2018,1.json,null,null,null,null,null,null,null,null,Error
user,State,uttar-pradesh,2018,2.json,null,null,null,null,null,null,null,null,Error
user,State,uttar-pradesh,2018,3.json,null,null,null,null,null,null,null,null,Error
user,State,uttar-pradesh,2018,4.json,null,null,null,null,null,null,null,null,Error
user,State,uttar-pradesh,2019,1.json,null,null,null,null,null,null,null,null,Error
user,State,uttar-pradesh,2019,2.json,null,null,null,null,null,null,null,null,Error
user,State,uttar-pradesh,2019,3.json,null,null,null,null,null,null,null,null,Error
user,State,uttar-pradesh,2019,4.json,null,null,null,null,null,null,null,null,Error
user,State,uttar-pradesh,2020,1.json,null,null,null,null,null,null,null,null,Error
user,State,uttar-pradesh,2020,2.json,null,null,null,null,null,null,null,null,Error
user,State,uttar-pradesh,2020,3.json,null,null,null,null,null,null,null,null,Error
user,State,uttar-pradesh,2020,4.json,null,null,null,null,null,null,null,null,Error
user,State,uttar-pradesh,2021,1.json,null,null,null,null,null,null,null,null,Error
user,State,uttar-pradesh,2021,2.json,null,null,null,null,null,null,null,null,Error
user,State,uttar-pradesh,2021,3.json,null,null,null,null,null,null,null,null,Error
user,State,uttar-pradesh,2021,4.json,null,null,null,null,null,null,null,null,Error
user,State,uttar-pradesh,2022,1.json,null,null,null,null,null,null,null,null,Error
user,State,uttar-pradesh,2022,2.json,null,null,null,null,null,null,null,null,Error
user,State,uttar-pradesh,2022,3.json,null,null,null,null,null,null,null,null,Error
user,State,uttar-pradesh,2022,4.json,null,null,null,null,null,null,null,null,Error
user,State,uttar-pradesh,2023,1.json,null,null,null,null,null,null,null,null,Error
user,State,uttar-pradesh,2023,2.json,null,null,null,null,null,null,null,null,Error
user,State,uttar-pradesh,2023,3.json,null,null,null,null,null,null,null,null,Error
user,State,uttar-pradesh,2023,4.json,null,null,null,null,null,null,null,null,Error
user,State,uttar-pradesh,2024,1.json,null,null,null,null,null,null,null,null,Error
user,State,uttar-pradesh,2024,2.json,null,null,null,null,null,null,null,null,Error
user,State,uttar-pradesh,2024,3.json,null,null,null,null,null,null,null,null,Error
user,State,uttar-pradesh,2024,4.json,null,null,null,null,null,null,null,null,Error
user,State,uttarakhand,2018,1.json,null,null,null,null,null,null,null,null,Error
user,State,uttarakhand,2018,2.json,null,null,null,null,null,null,null,null,Error
user,State,uttarakhand,2018,3.json,null,null,null,null,null,null,null,null,Error
user,State,uttarakhand,2018,4.json,null,null,null,null,null,null,null,null,Error
user,State,uttarakhand,2019,1.json,null,null,null,null,null,null,null,null,Error
user,State,uttarakhand,2019,2.json,null,null,null,null,null,null,null,null,Error
user,State,uttarakhand,2019,3.json,null,null,null,null,null,null,null,null,Error
user,State,uttarakhand,2019,4.json,null,null,null,null,null,null,null,null,Error
user,State,uttarakhand,2020,1.json,null,null,null,null,null,null,null,null,Error
user,State,uttarakhand,2020,2.json,null,null,null,null,null,null,null,null,Error
user,State,uttarakhand,2020,3.json,null,null,null,null,null,null,null,null,Error
user,State,uttarakhand,2020,4.json,null,null,null,null,null,null,null,null,Error
user,State,uttarakhand,2021,1.json,null,null,null,null,null,null,null,null,Error
user,State,uttarakhand,2021,2.json,null,null,null,null,null,null,null,null,Error
user,State,uttarakhand,2021,3.json,null,null,null,null,null,null,null,null,Error
user,State,uttarakhand,2021,4.json,null,null,null,null,null,null,null,null,Error
user,State,uttarakhand,2022,1.json,null,null,null,null,null,null,null,null,Error
user,State,uttarakhand,2022,2.json,null,null,null,null,null,null,null,null,Error
user,State,uttarakhand,2022,3.json,null,null,null,null,null,null,null,null,Error
user,State,uttarakhand,2022,4.json,null,null,null,null,null,null,null,null,Error
user,State,uttarakhand,2023,1.json,null,null,null,null,null,null,null,null,Error
user,State,uttarakhand,2023,2.json,null,null,null,null,null,null,null,null,Error
user,State,uttarakhand,2023,3.json,null,null,null,null,null,null,null,null,Error
user,State,uttarakhand,2023,4.json,null,null,null,null,null,null,null,null,Error
user,State,uttarakhand,2024,1.json,null,null,null,null,null,null,null,null,Error
user,State,uttarakhand,2024,2.json,null,null,null,null,null,null,null,null,Error
user,State,uttarakhand,2024,3.json,null,null,null,null,null,null,null,null,Error
user,State,uttarakhand,2024,4.json,null,null,null,null,null,null,null,null,Error
user,State,west-bengal,2018,1.json,null,null,null,null,null,null,null,null,Error
user,State,west-bengal,2018,2.json,null,null,null,null,null,null,null,null,Error
user,State,west-bengal,2018,3.json,null,null,null,null,null,null,null,null,Error
user,State,west-bengal,2018,4.json,null,null,null,null,null,null,null,null,Error
user,State,west-bengal,2019,1.json,null,null,null,null,null,null,null,null,Error
user,State,west-bengal,2019,2.json,null,null,null,null,null,null,null,null,Error
user,State,west-bengal,2019,3.json,null,null,null,null,null,null,null,null,Error
user,State,west-bengal,2019,4.json,null,null,null,null,null,null,null,null,Error
user,State,west-bengal,2020,1.json,null,null,null,null,null,null,null,null,Error
user,State,west-bengal,2020,2.json,null,null,null,null,null,null,null,null,Error
user,State,west-bengal,2020,3.json,null,null,null,null,null,null,null,null,Error
user,State,west-bengal,2020,4.json,null,null,null,null,null,null,null,null,Error
user,State,west-bengal,2021,1.json,null,null,null,null,null,null,null,null,Error
user,State,west-bengal,2021,2.json,null,null,null,null,null,null,null,null,Error
user,State,west-bengal,2021,3.json,null,null,null,null,null,null,null,null,Error
user,State,west-bengal,2021,4.json,null,null,null,null,null,null,null,null,Error
user,State,west-bengal,2022,1.json,null,null,null,null,null,null,null,null,Error
user,State,west-bengal,2022,2.json,null,null,null,null,null,null,null,null,Error
user,State,west-bengal,2022,3.json,null,null,null,null,null,null,null,null,Error
user,State,west-bengal,2022,4.json,null,null,null,null,null,null,null,null,Error
user,State,west-bengal,2023,1.json,null,null,null,null,null,null,null,null,Error
user,State,west-bengal,2023,2.json,null,null,null,null,null,null,null,null,Error
user,State,west-bengal,2023,3.json,null,null,null,null,null,null,null,null,Error
user,State,west-bengal,2023,4.json,null,null,null,null,null,null,null,null,Error
user,State,west-bengal,2024,1.json,null,null,null,null,null,null,null,null,Error
user,State,west-bengal,2024,2.json,null,null,null,null,null,null,null,null,Error
user,State,west-bengal,2024,3.json,null,null,null,null,null,null,null,null,Error
user,State,west-bengal,2024,4.json,null,null,null,null,null,null,null,null,Error
