state_name,year,quarter_file,total_transactions,total_amount
maharashtra,2018,1.json,16387034,21711613257.760002
uttar-pradesh,2018,1.json,12537805,13939970923.589998
karnataka,2018,1.json,12016899,19217895313.91
west-bengal,2018,1.json,11710225,10625978552.300001
andhra-pradesh,2018,1.json,9039585,11996276391.660002
telangana,2018,1.json,8522766,13308204118.760002
madhya-pradesh,2018,1.json,8025395,8681603403.88
rajasthan,2018,1.json,7591690,8926293131.1
delhi,2018,1.json,7122754,11211503807.27
tamil-nadu,2018,1.json,6726622,11261557697.45
gujarat,2018,1.json,5948775,7577982255.210001
bihar,2018,1.json,5824302,6045758171.58
odisha,2018,1.json,5809821,4627632210.78
haryana,2018,1.json,4480770,6793511515.01
jharkhand,2018,1.json,2178921,2374186390.2700005
chhattisgarh,2018,1.json,1891514,2149155557.064
punjab,2018,1.json,1870433,2780758225.3500004
kerala,2018,1.json,1771380,2402674752.822
uttarakhand,2018,1.json,1246685,1508545358.146
assam,2018,1.json,1056881,1157804456.2310002
jammu-&-kashmir,2018,1.json,941568,1005371239.23
himachal-pradesh,2018,1.json,481918,628737806.3850001
chandigarh,2018,1.json,381895,613435420.82
goa,2018,1.json,160897,303856742.3744
dadra-&-nagar-haveli-&-daman-&-diu,2018,1.json,148549,175658384.06339997
tripura,2018,1.json,148157,137978914.5542
puducherry,2018,1.json,104212,165825971.4073
manipur,2018,1.json,84069,128046173.9729
meghalaya,2018,1.json,49571,66250259.7946
arunachal-pradesh,2018,1.json,45497,92387336.00602001
sikkim,2018,1.json,44078,64650938.93758001
nagaland,2018,1.json,42845,78005891.08559999
mizoram,2018,1.json,18561,45227219.97777001
andaman-&-nicobar-islands,2018,1.json,6658,14631761.221830001
ladakh,2018,1.json,6089,12532857.7716
lakshadweep,2018,1.json,778,1928611.1804228
maharashtra,2018,2.json,22285740,36357057241.240005
west-bengal,2018,2.json,18082446,18629183470.4
uttar-pradesh,2018,2.json,17710943,25720201695.3
karnataka,2018,2.json,17116447,33515580081.010002
andhra-pradesh,2018,2.json,12353918,22883914272.31
telangana,2018,2.json,10764670,23017201518.25
madhya-pradesh,2018,2.json,10561412,15924081066.31
tamil-nadu,2018,2.json,9992128,20125844276.359997
rajasthan,2018,2.json,9973697,15559086175.240002
delhi,2018,2.json,9373723,17446299902.300003
bihar,2018,2.json,8632378,13506131109.6
odisha,2018,2.json,8158144,8488310340.119999
gujarat,2018,2.json,7745733,12162684770.83
haryana,2018,2.json,6150931,11320414442.340002
jharkhand,2018,2.json,3152080,4721575659.35
chhattisgarh,2018,2.json,2816156,4264170443.5269995
punjab,2018,2.json,2581163,4684672212.280001
kerala,2018,2.json,2308165,3886923343.36
jammu-&-kashmir,2018,2.json,1796326,2651206236.9300003
uttarakhand,2018,2.json,1704122,2679755378.7590003
assam,2018,2.json,1663873,2350585135.398
himachal-pradesh,2018,2.json,687695,1183169301.1980002
chandigarh,2018,2.json,479084,961223261.7239999
goa,2018,2.json,229575,478603825.3383
tripura,2018,2.json,214559,236891718.73900002
dadra-&-nagar-haveli-&-daman-&-diu,2018,2.json,202626,302070771.70350003
manipur,2018,2.json,151721,253209721.32400003
puducherry,2018,2.json,130261,285801119.54819995
arunachal-pradesh,2018,2.json,82157,198970192.35059997
sikkim,2018,2.json,74578,143693085.542
meghalaya,2018,2.json,67857,117004667.87940001
nagaland,2018,2.json,65599,153325577.8832
mizoram,2018,2.json,27051,83508405.55534999
ladakh,2018,2.json,15010,47334902.537499994
andaman-&-nicobar-islands,2018,2.json,11340,28338535.5065
lakshadweep,2018,2.json,2132,6187809.539527
west-bengal,2018,3.json,53705416,41843934182.6
maharashtra,2018,3.json,31538538,52260817732.61
odisha,2018,3.json,30052155,23094515775.970005
uttar-pradesh,2018,3.json,26515356,37012114369.26
karnataka,2018,3.json,25980261,48225091755.700005
andhra-pradesh,2018,3.json,25626061,35718044599.67
telangana,2018,3.json,19332703,32030093210.27
delhi,2018,3.json,18547048,27375846861.55
madhya-pradesh,2018,3.json,17126985,24149742205.44
tamil-nadu,2018,3.json,15774078,29330092240.969997
bihar,2018,3.json,14367804,20135804378.95
rajasthan,2018,3.json,14257098,24040768671.08
gujarat,2018,3.json,11334149,17866404426.51
haryana,2018,3.json,8262024,16375139007.21
jharkhand,2018,3.json,8122621,8661571417.460001
chhattisgarh,2018,3.json,3859604,6302307073.707
punjab,2018,3.json,3462108,7065687044.335
kerala,2018,3.json,3134348,5323025223.548
assam,2018,3.json,2351851,3811134990.372
jammu-&-kashmir,2018,3.json,2303961,3934700999.8450003
uttarakhand,2018,3.json,2229132,3726573039.97
himachal-pradesh,2018,3.json,886754,1754041432.8539999
chandigarh,2018,3.json,616936,1369354447.587
tripura,2018,3.json,377703,453863388.01199996
goa,2018,3.json,339511,713166969.2057999
dadra-&-nagar-haveli-&-daman-&-diu,2018,3.json,289575,447639595.6639
puducherry,2018,3.json,190271,417658075.53209996
manipur,2018,3.json,189258,383331244.8038
arunachal-pradesh,2018,3.json,131146,331726406.79225004
meghalaya,2018,3.json,110290,209853661.5733
sikkim,2018,3.json,108500,235080226.99819997
nagaland,2018,3.json,94371,241792742.98149997
mizoram,2018,3.json,39316,116600738.11493
ladakh,2018,3.json,24864,84090977.14118
andaman-&-nicobar-islands,2018,3.json,16265,55557471.131804004
lakshadweep,2018,3.json,1703,4339032.3121
maharashtra,2018,4.json,46090223,79518937047.03
karnataka,2018,4.json,44812071,73008386576.09
west-bengal,2018,4.json,36513548,40489619211.71999
uttar-pradesh,2018,4.json,36100767,55096743576.06
andhra-pradesh,2018,4.json,30759548,51473779406.700005
delhi,2018,4.json,29187719,39722857619.44
telangana,2018,4.json,28921154,49509088448.14
tamil-nadu,2018,4.json,22457444,43302073976.08
madhya-pradesh,2018,4.json,21397555,33905608073.15
odisha,2018,4.json,21142798,23429869572.010002
rajasthan,2018,4.json,20959723,37909087083.810005
bihar,2018,4.json,15732401,28397997168.809998
gujarat,2018,4.json,14733303,24830987102.87
haryana,2018,4.json,12950183,25390876016.92
jharkhand,2018,4.json,6284043,10241916641.36
chhattisgarh,2018,4.json,5365844,9416412664.496
punjab,2018,4.json,4887137,10781982573.130001
kerala,2018,4.json,4310654,7747361237.2
assam,2018,4.json,3734172,5888022858.917001
uttarakhand,2018,4.json,3178761,5654272137.629
jammu-&-kashmir,2018,4.json,2721310,5664720265.392
himachal-pradesh,2018,4.json,1307883,2621298967.651
chandigarh,2018,4.json,905116,2032591591.4669998
goa,2018,4.json,514755,1153005078.4738002
tripura,2018,4.json,448059,624885599.4849999
dadra-&-nagar-haveli-&-daman-&-diu,2018,4.json,404082,658750616.7871
puducherry,2018,4.json,307964,625691665.3916999
manipur,2018,4.json,236110,605683559.3388
arunachal-pradesh,2018,4.json,176429,504040029.0528
meghalaya,2018,4.json,161132,337585678.99849993
sikkim,2018,4.json,154533,383141358.0386
nagaland,2018,4.json,139333,388013467.5095
mizoram,2018,4.json,55242,190426852.49838004
ladakh,2018,4.json,35211,135522842.50292
andaman-&-nicobar-islands,2018,4.json,23758,90548336.07544
lakshadweep,2018,4.json,1642,4463213.6983154
karnataka,2019,1.json,86587609,117975945385.95
maharashtra,2019,1.json,75079069,111420690921.11
telangana,2019,1.json,65290702,95523262035.18
uttar-pradesh,2019,1.json,57324504,76524180133.39
andhra-pradesh,2019,1.json,57264522,83760595916.03
west-bengal,2019,1.json,47626388,50164672623.87
delhi,2019,1.json,47007327,58469131789.399994
rajasthan,2019,1.json,43956040,61141158576.18
madhya-pradesh,2019,1.json,37301049,48070279521.89
odisha,2019,1.json,34031942,35427127930.79
tamil-nadu,2019,1.json,32275045,56204036815.850006
bihar,2019,1.json,26356234,41502827515.130005
gujarat,2019,1.json,24991451,35856080308.37
haryana,2019,1.json,22135775,34051655722.2
jharkhand,2019,1.json,9387708,13627236448.960001
chhattisgarh,2019,1.json,7887669,12544556384.942999
punjab,2019,1.json,7172137,13574490002.115
kerala,2019,1.json,6469039,10235031134.718
uttarakhand,2019,1.json,5546001,7183529174.815001
assam,2019,1.json,4533005,8002099536.652999
jammu-&-kashmir,2019,1.json,3584987,5951835476.661999
himachal-pradesh,2019,1.json,2168718,3381481443.029
chandigarh,2019,1.json,1274476,2396032050.7867002
goa,2019,1.json,738812,1475323397.4567
dadra-&-nagar-haveli-&-daman-&-diu,2019,1.json,661814,843369776.0378999
tripura,2019,1.json,580926,756894941.6006
puducherry,2019,1.json,501092,906473024.3477999
manipur,2019,1.json,265409,659898060.3788
sikkim,2019,1.json,240287,457993634.3884
arunachal-pradesh,2019,1.json,226506,609950106.2689
meghalaya,2019,1.json,208741,399037162.1527501
nagaland,2019,1.json,168579,441941712.3657
mizoram,2019,1.json,70306,218160895.38567
ladakh,2019,1.json,46145,152859920.9602
andaman-&-nicobar-islands,2019,1.json,30486,102299740.6751
lakshadweep,2019,1.json,2481,8786130.47982
karnataka,2019,2.json,115401604,163702317972.53
maharashtra,2019,2.json,101149853,153294316399.90997
telangana,2019,2.json,89610379,155676740283.25998
uttar-pradesh,2019,2.json,58883500,98917519370.34999
delhi,2019,2.json,57171512,81706816063.07999
andhra-pradesh,2019,2.json,56409015,113634869526.17
rajasthan,2019,2.json,50009286,89107313172.26
west-bengal,2019,2.json,47023535,57105691118.189995
madhya-pradesh,2019,2.json,40846013,68334566379.91
tamil-nadu,2019,2.json,32171737,64207676026.29
bihar,2019,2.json,29960479,63132438283.64
odisha,2019,2.json,29512024,44754854871.81
gujarat,2019,2.json,28981842,49320615217.99
haryana,2019,2.json,22741816,42501539813.43
jharkhand,2019,2.json,10128211,18622701305.66
chhattisgarh,2019,2.json,9389945,17002355688.974
punjab,2019,2.json,8509830,18614793393.975002
kerala,2019,2.json,7283826,13031371561.052998
assam,2019,2.json,5454929,10954969189.324
uttarakhand,2019,2.json,4813275,8588532851.316999
himachal-pradesh,2019,2.json,2502306,4875883973.705
jammu-&-kashmir,2019,2.json,2296355,6100142201.073999
chandigarh,2019,2.json,1252470,2693116099.4114
goa,2019,2.json,768441,1591867103.6377
puducherry,2019,2.json,580077,1211446910.3821998
tripura,2019,2.json,532558,841821482.8255
dadra-&-nagar-haveli-&-daman-&-diu,2019,2.json,489656,824441276.5521998
sikkim,2019,2.json,388244,738894243.3996999
arunachal-pradesh,2019,2.json,258656,752655874.3461
manipur,2019,2.json,257425,722789942.11038
meghalaya,2019,2.json,232286,492931289.13809997
nagaland,2019,2.json,188753,520066682.1956
mizoram,2019,2.json,75671,248016708.13149
ladakh,2019,2.json,68772,259255506.9733
andaman-&-nicobar-islands,2019,2.json,33689,120254709.7093
lakshadweep,2019,2.json,2926,9242524.137280002
karnataka,2019,3.json,170733735,214536395355.79
maharashtra,2019,3.json,148735581,199617820576.29
telangana,2019,3.json,121495376,201930152742.13998
andhra-pradesh,2019,3.json,76288614,139448298925.63
delhi,2019,3.json,69537876,103196812045.99
uttar-pradesh,2019,3.json,68623959,111268137475.25
rajasthan,2019,3.json,67303617,112468290033.23
west-bengal,2019,3.json,66444829,70540532616.34
madhya-pradesh,2019,3.json,53610411,77676321490.6
odisha,2019,3.json,41422272,57304577357.96
tamil-nadu,2019,3.json,41410183,78959604644.03
gujarat,2019,3.json,38228649,59462694963.43
bihar,2019,3.json,32139900,67692783254.13
haryana,2019,3.json,30343531,52489119199.88
jharkhand,2019,3.json,14220647,21465973993.44
chhattisgarh,2019,3.json,12243111,19803259168.229
punjab,2019,3.json,10706812,22905815606.014
kerala,2019,3.json,9286096,16429809721.423
assam,2019,3.json,5942571,12950443620.185
uttarakhand,2019,3.json,5710476,9729032069.582
himachal-pradesh,2019,3.json,2735180,5572018780.870999
chandigarh,2019,3.json,1506543,3269682087.8450003
jammu-&-kashmir,2019,3.json,1116526,3744230491.8025002
goa,2019,3.json,1092416,2000367191.564
puducherry,2019,3.json,716826,1460708357.7896
tripura,2019,3.json,711717,1017377422.8073001
dadra-&-nagar-haveli-&-daman-&-diu,2019,3.json,638751,961471473.9114
sikkim,2019,3.json,552436,884716448.41
arunachal-pradesh,2019,3.json,370234,912645034.7415001
manipur,2019,3.json,345008,863552002.5285
meghalaya,2019,3.json,306550,612218602.1628
nagaland,2019,3.json,261878,650956471.7412
mizoram,2019,3.json,98094,278793899.92701006
ladakh,2019,3.json,92396,331129527.2127
andaman-&-nicobar-islands,2019,3.json,33770,114071776.08410001
lakshadweep,2019,3.json,3104,9651761.46383
karnataka,2019,4.json,237796252,295047279094.58
maharashtra,2019,4.json,201260620,272994374041.82
telangana,2019,4.json,163572258,280747084552.10004
andhra-pradesh,2019,4.json,107218103,200948765438.95
west-bengal,2019,4.json,96805838,88203610255.03
uttar-pradesh,2019,4.json,86905005,145539038099.43
rajasthan,2019,4.json,85074242,159452275331.98
delhi,2019,4.json,80744997,129024943272.47
madhya-pradesh,2019,4.json,68131989,104687926791.23
odisha,2019,4.json,64995633,79769373631.3
tamil-nadu,2019,4.json,56596411,103190865512.96
bihar,2019,4.json,43530314,93313426577.65999
gujarat,2019,4.json,42547632,76690662055.65999
haryana,2019,4.json,37825985,69359719868.94
jharkhand,2019,4.json,18248618,28147748376.89
chhattisgarh,2019,4.json,16305758,27143788737.704002
punjab,2019,4.json,13698625,29989802245.89
kerala,2019,4.json,12498637,21151326637.59
uttarakhand,2019,4.json,7362116,12573706305.617
assam,2019,4.json,6760510,15281983895.196001
himachal-pradesh,2019,4.json,3516646,7271163537.147
chandigarh,2019,4.json,1850915,4152513818.3415003
goa,2019,4.json,1515272,2923460348.1751
puducherry,2019,4.json,1012655,1932028317.4544003
tripura,2019,4.json,801824,1215400160.2621
dadra-&-nagar-haveli-&-daman-&-diu,2019,4.json,768971,1226641262.5146003
sikkim,2019,4.json,767070,1176509601.7150998
jammu-&-kashmir,2019,4.json,489928,1929695997.8522
arunachal-pradesh,2019,4.json,459475,1190573179.5908
manipur,2019,4.json,449344,1200897681.6428
meghalaya,2019,4.json,365981,742436471.7691
nagaland,2019,4.json,317170,834537138.3391
mizoram,2019,4.json,125239,368689350.64311004
ladakh,2019,4.json,84706,324689360.0195
andaman-&-nicobar-islands,2019,4.json,35159,136838530.5095
lakshadweep,2019,4.json,3765,11269913.40824182
karnataka,2020,1.json,271033890,353401753443.5
maharashtra,2020,1.json,238944081,319994991022.03
telangana,2020,1.json,199409525,371343982323.89
andhra-pradesh,2020,1.json,127677357,252737660233.57
rajasthan,2020,1.json,102258812,190308664236.95
uttar-pradesh,2020,1.json,97239132,172416728114.61002
delhi,2020,1.json,81747604,133616943636.25
madhya-pradesh,2020,1.json,79366746,126737289828.7
tamil-nadu,2020,1.json,66953473,116570003134.20999
west-bengal,2020,1.json,66250381,96653305191.85
odisha,2020,1.json,53682307,91956798198.88
gujarat,2020,1.json,47326417,86995076621.86
bihar,2020,1.json,45081815,109256853527.91
haryana,2020,1.json,44036087,81976214558.39
chhattisgarh,2020,1.json,19523991,32860597670.903
jharkhand,2020,1.json,18282713,33611232153.26
kerala,2020,1.json,15733522,26451084830.77
punjab,2020,1.json,15217784,31374185265.629997
uttarakhand,2020,1.json,9131784,16158080258.439
assam,2020,1.json,8808860,20668428348.048
himachal-pradesh,2020,1.json,4144480,7419466751.03
chandigarh,2020,1.json,2262511,5126453069.551
goa,2020,1.json,1881237,3410371232.2589993
puducherry,2020,1.json,1207921,2205277477.2148
tripura,2020,1.json,924502,1588778806.7860003
jammu-&-kashmir,2020,1.json,921630,2937643176.47
dadra-&-nagar-haveli-&-daman-&-diu,2020,1.json,878579,1342763369.7900999
manipur,2020,1.json,818801,2598590381.1401005
arunachal-pradesh,2020,1.json,567175,1381758680.9152
sikkim,2020,1.json,528118,1053476271.9603001
meghalaya,2020,1.json,502283,1120134840.5213
nagaland,2020,1.json,378051,894780028.7445
mizoram,2020,1.json,153609,392077579.3191999
ladakh,2020,1.json,116419,377639677.4565
andaman-&-nicobar-islands,2020,1.json,41298,161476312.3007
lakshadweep,2020,1.json,5151,13502368.572679998
karnataka,2020,2.json,213221712,321104669549.3
maharashtra,2020,2.json,184790761,296359178476.1
telangana,2020,2.json,152055143,321532285442.9
andhra-pradesh,2020,2.json,144917855,302583965615.8
rajasthan,2020,2.json,101954656,193762886127.00998
uttar-pradesh,2020,2.json,100851965,178744491721.5
madhya-pradesh,2020,2.json,76340573,147922321434.64
delhi,2020,2.json,66042018,107873438203.36
west-bengal,2020,2.json,57676797,100099431878.03
bihar,2020,2.json,53386742,128806154687.45999
tamil-nadu,2020,2.json,51870110,95826508896.59001
odisha,2020,2.json,50028576,91733036611.91
gujarat,2020,2.json,47420185,80387846359.72
haryana,2020,2.json,41781050,80711264924.96999
jharkhand,2020,2.json,20141511,37486201976.28
chhattisgarh,2020,2.json,18820925,32268382207.05
kerala,2020,2.json,16287967,25894078478.579998
punjab,2020,2.json,14081294,30284654251.23
assam,2020,2.json,10505199,19766300125.899998
uttarakhand,2020,2.json,9047770,16094187702.439999
himachal-pradesh,2020,2.json,4695730,8036904762.931
jammu-&-kashmir,2020,2.json,2635006,8265648939.01
chandigarh,2020,2.json,1528010,3847015730.1070004
goa,2020,2.json,1482092,2183616429.729
manipur,2020,2.json,1083068,3198936212.7320004
tripura,2020,2.json,1052520,1769175883.9329998
puducherry,2020,2.json,1033383,1960030980.892
dadra-&-nagar-haveli-&-daman-&-diu,2020,2.json,973152,1302376453.4942
arunachal-pradesh,2020,2.json,808774,1826716832.908
meghalaya,2020,2.json,635395,1153735154.3790002
sikkim,2020,2.json,517731,1054618788.2224998
nagaland,2020,2.json,517566,1137674504.3922
mizoram,2020,2.json,198462,457193433.45430005
ladakh,2020,2.json,155010,523792998.6613
andaman-&-nicobar-islands,2020,2.json,62962,169645001.37429997
lakshadweep,2020,2.json,7220,16942922.08749
karnataka,2020,3.json,300360531,470740140868.7
maharashtra,2020,3.json,268310924,440307524199.69995
telangana,2020,3.json,236372126,505960955851.1
andhra-pradesh,2020,3.json,204902935,467084342332.9
rajasthan,2020,3.json,149088676,293678585923.2
uttar-pradesh,2020,3.json,127405259,248690042666.6
madhya-pradesh,2020,3.json,108579881,205701694950.4
delhi,2020,3.json,96491861,175163939256.09998
west-bengal,2020,3.json,79954504,156813679703
bihar,2020,3.json,71503748,173329181360.66
tamil-nadu,2020,3.json,70277825,143841334965.66
odisha,2020,3.json,66033829,122464275093.95
gujarat,2020,3.json,59290179,111921752484.81999
haryana,2020,3.json,57938179,109567950446.12999
jharkhand,2020,3.json,27068473,50622615819.840004
chhattisgarh,2020,3.json,24148539,41526744807.079994
kerala,2020,3.json,21758680,40164150652.34
punjab,2020,3.json,17209573,40123092147.41
assam,2020,3.json,12397711,29831391258.78
uttarakhand,2020,3.json,11818935,22103510968
himachal-pradesh,2020,3.json,5489876,10516054014.42
jammu-&-kashmir,2020,3.json,3465898,11977229761.039999
chandigarh,2020,3.json,2158086,5089809352.959999
goa,2020,3.json,1915531,3368343580.588
puducherry,2020,3.json,1730902,3598080229.791
manipur,2020,3.json,1420168,4615976120.458001
tripura,2020,3.json,1317885,2341819516.339
dadra-&-nagar-haveli-&-daman-&-diu,2020,3.json,1138312,1749789114.7900002
arunachal-pradesh,2020,3.json,962827,2609938565.1679997
nagaland,2020,3.json,736319,2009649143.615
meghalaya,2020,3.json,597579,1237059001.6610003
sikkim,2020,3.json,596435,1400926728.6900003
mizoram,2020,3.json,254703,707944175.5546
ladakh,2020,3.json,228222,835487500.0716999
andaman-&-nicobar-islands,2020,3.json,117483,338019446.3052
lakshadweep,2020,3.json,8589,21306833.310150005
karnataka,2020,4.json,431536984,658036740793.3
maharashtra,2020,4.json,407621004,622156010494.9
telangana,2020,4.json,343643787,696350837948.4
andhra-pradesh,2020,4.json,286118552,654841407490.1
rajasthan,2020,4.json,190283435,386034932155.5
uttar-pradesh,2020,4.json,178167517,357428673432
madhya-pradesh,2020,4.json,153652541,284274937907.69995
delhi,2020,4.json,120540417,216265032233.09998
tamil-nadu,2020,4.json,111179701,206472815711.6
west-bengal,2020,4.json,100340645,199165616769.30002
bihar,2020,4.json,96591673,238906055245
odisha,2020,4.json,92324950,178302927667.7
haryana,2020,4.json,83171439,159998571019.9
gujarat,2020,4.json,77828547,148392829782.4
jharkhand,2020,4.json,39431633,72805174830.36
chhattisgarh,2020,4.json,35529636,62214974283.579994
kerala,2020,4.json,33288187,56755256648.020004
punjab,2020,4.json,22997925,53775406479.659996
uttarakhand,2020,4.json,17613271,31792739329.769997
assam,2020,4.json,15423454,40226611319.450005
himachal-pradesh,2020,4.json,7272328,13989053108.29
jammu-&-kashmir,2020,4.json,5754444,15380905802.94
goa,2020,4.json,3801381,6899792748.04
chandigarh,2020,4.json,2912716,6146762901.008999
puducherry,2020,4.json,2716003,4930526217.670001
dadra-&-nagar-haveli-&-daman-&-diu,2020,4.json,1817791,2700511101.2970004
tripura,2020,4.json,1651890,3182130996.342
manipur,2020,4.json,1627852,5602224558.896999
arunachal-pradesh,2020,4.json,1209129,3570264021.3929996
nagaland,2020,4.json,847825,2773084870.5429997
meghalaya,2020,4.json,754008,1804242572.1779997
sikkim,2020,4.json,735035,1919275805.5700002
ladakh,2020,4.json,332134,1111963470.464
mizoram,2020,4.json,322607,986522115.7284
andaman-&-nicobar-islands,2020,4.json,224531,627282656.3290001
lakshadweep,2020,4.json,11650,30111317.92176
karnataka,2021,1.json,523797492,754995663951
maharashtra,2021,1.json,517860240,769887021583.2
telangana,2021,1.json,412572110,799358910930.7
andhra-pradesh,2021,1.json,289747970,672444477163.1
rajasthan,2021,1.json,252730919,491492193502.80005
uttar-pradesh,2021,1.json,204499547,396287974198.10004
madhya-pradesh,2021,1.json,201998498,343533783678.89996
delhi,2021,1.json,157359004,266928793302.3
tamil-nadu,2021,1.json,136556674,248667913566.4
west-bengal,2021,1.json,118254052,242936957993
bihar,2021,1.json,114932477,280973337339.1
odisha,2021,1.json,111460358,213397299896.68002
gujarat,2021,1.json,94774565,183700812340
haryana,2021,1.json,90252784,168938664297.19
jharkhand,2021,1.json,44621663,83749353123.03
kerala,2021,1.json,42316342,69260970161.92
chhattisgarh,2021,1.json,39436437,69409843261.45999
punjab,2021,1.json,26770835,58690887090.600006
uttarakhand,2021,1.json,20608402,36288189400.17
assam,2021,1.json,19512060,51326464546.27
himachal-pradesh,2021,1.json,7614029,14120546910.03
jammu-&-kashmir,2021,1.json,6997570,17138349892.550001
goa,2021,1.json,5331549,9757242879.11
chandigarh,2021,1.json,3970237,7596420859.102
puducherry,2021,1.json,3309432,5899309572.189
manipur,2021,1.json,2303535,7070287514.790001
dadra-&-nagar-haveli-&-daman-&-diu,2021,1.json,1925244,2965632910.958
tripura,2021,1.json,1511423,3335341570.1870003
arunachal-pradesh,2021,1.json,1177456,3813779079.083
nagaland,2021,1.json,975897,3107450484.0889997
sikkim,2021,1.json,800189,2217667727.222
meghalaya,2021,1.json,747646,2055515277.696
mizoram,2021,1.json,329575,1101105586.9574003
ladakh,2021,1.json,275415,983419813.291
andaman-&-nicobar-islands,2021,1.json,244752,783706567.3810002
lakshadweep,2021,1.json,9085,27042782.916419998
maharashtra,2021,2.json,573616486,915114924712.7
karnataka,2021,2.json,530649046,837886985110.5
telangana,2021,2.json,495867544,1027958569848
andhra-pradesh,2021,2.json,352767134,850737015050.8
rajasthan,2021,2.json,287477039,561702618404.2
uttar-pradesh,2021,2.json,241949131,482172669038.39996
madhya-pradesh,2021,2.json,223314680,425501005844.7
delhi,2021,2.json,170157264,281941142156.8
bihar,2021,2.json,155603622,374580571923.10004
tamil-nadu,2021,2.json,146158442,263487313340.1
west-bengal,2021,2.json,141897437,279434532269.3
odisha,2021,2.json,131824337,245864235108.2
gujarat,2021,2.json,111841396,210162486650
haryana,2021,2.json,105680856,200357668902.1
jharkhand,2021,2.json,54002145,104432643310.22
kerala,2021,2.json,47191033,74226806436.33
chhattisgarh,2021,2.json,44689420,78728771258.91
punjab,2021,2.json,32171248,69531058562.37001
assam,2021,2.json,25432905,59192473376.77
uttarakhand,2021,2.json,24000432,40990817874.57
jammu-&-kashmir,2021,2.json,10027819,22813755429.249996
himachal-pradesh,2021,2.json,9483902,16495634540.03
goa,2021,2.json,4710135,8012853587.2699995
chandigarh,2021,2.json,4417547,8417673940.263
puducherry,2021,2.json,3751387,6498834696.428
manipur,2021,2.json,3086275,7889827962.647
dadra-&-nagar-haveli-&-daman-&-diu,2021,2.json,2125083,3157668460.949
tripura,2021,2.json,1744429,3468154360.582
arunachal-pradesh,2021,2.json,1568338,4456425616.931001
nagaland,2021,2.json,1130791,3156293964.128
sikkim,2021,2.json,976714,2424899580.016
meghalaya,2021,2.json,909594,2193617255.082
ladakh,2021,2.json,399716,1427259094.995
mizoram,2021,2.json,394340,1122874473.2975
andaman-&-nicobar-islands,2021,2.json,341414,899147016.13
lakshadweep,2021,2.json,11384,27383463.6546
maharashtra,2021,3.json,792874060,1159257447148.9
karnataka,2021,3.json,753296539,1133234687898.7998
telangana,2021,3.json,622886768,1178289136501.8
andhra-pradesh,2021,3.json,432032550,984217532931.4
rajasthan,2021,3.json,400284753,710511207449.2001
madhya-pradesh,2021,3.json,311443334,504412890965
uttar-pradesh,2021,3.json,306543384,557080925398.1
delhi,2021,3.json,238760608,383858783942.3
tamil-nadu,2021,3.json,204357404,365207243759.89996
bihar,2021,3.json,187671113,397062658172.1
west-bengal,2021,3.json,181712988,362457334905.80005
odisha,2021,3.json,177362674,303780858408.30005
gujarat,2021,3.json,149248407,272624299513.30002
haryana,2021,3.json,140459693,240827413959.1
jharkhand,2021,3.json,70795702,121891015119.15
chhattisgarh,2021,3.json,64237938,104606108262.4
kerala,2021,3.json,63028266,101686161772.90001
punjab,2021,3.json,42533489,85992560840.39
assam,2021,3.json,33504441,75700499272.84
uttarakhand,2021,3.json,31042284,50527496783.21001
jammu-&-kashmir,2021,3.json,13151041,31598443647.83
himachal-pradesh,2021,3.json,12064167,21310262071.76
chandigarh,2021,3.json,6649378,11815883004.154
goa,2021,3.json,6467763,10478425592.87
puducherry,2021,3.json,5121726,8729974431.131
manipur,2021,3.json,3941396,10406861029.357
dadra-&-nagar-haveli-&-daman-&-diu,2021,3.json,3129470,4305939102.714
tripura,2021,3.json,2081200,4364133768.023
arunachal-pradesh,2021,3.json,1906967,5678124175.277
nagaland,2021,3.json,1356792,3987416848.172
sikkim,2021,3.json,1160594,2989336863.5030003
meghalaya,2021,3.json,1097731,2769000451.369
ladakh,2021,3.json,590987,2213984743.802
mizoram,2021,3.json,478529,1473748649.9508998
andaman-&-nicobar-islands,2021,3.json,449764,1310024395.629
lakshadweep,2021,3.json,13370,38803163.698070005
maharashtra,2021,4.json,1010731502,1475355712418.3
karnataka,2021,4.json,931725438,1375470199997.3
telangana,2021,4.json,775989773,1463757199569.5999
andhra-pradesh,2021,4.json,522254003,1156264748238.4
rajasthan,2021,4.json,487621597,903934121943.5
uttar-pradesh,2021,4.json,406157932,773891058479.8
madhya-pradesh,2021,4.json,404308084,656887872326
delhi,2021,4.json,292683359,488695341727.9
tamil-nadu,2021,4.json,259155976,443723527996.89996
bihar,2021,4.json,245126945,519371516054.7
odisha,2021,4.json,233925366,385250936890
west-bengal,2021,4.json,225029560,462218146057.2
gujarat,2021,4.json,182987325,342382839327.5
haryana,2021,4.json,169686975,309240605482.8
jharkhand,2021,4.json,96009042,166017443896.01
chhattisgarh,2021,4.json,84717494,136399113203
kerala,2021,4.json,81823741,123342136943.5
punjab,2021,4.json,52359360,110710126242.20001
assam,2021,4.json,46020361,104184967893.41
uttarakhand,2021,4.json,40361280,66148108159.56
jammu-&-kashmir,2021,4.json,16790628,38926237426.119995
himachal-pradesh,2021,4.json,14666864,26136220501.46
goa,2021,4.json,11088759,18627257116.260002
chandigarh,2021,4.json,7898903,14373583510.640001
puducherry,2021,4.json,6368810,10423651800.843998
manipur,2021,4.json,4687439,12658472038.220999
dadra-&-nagar-haveli-&-daman-&-diu,2021,4.json,4157085,5565839386.487
tripura,2021,4.json,2520693,5496929464.208
arunachal-pradesh,2021,4.json,2390598,6943510352.466
nagaland,2021,4.json,1631483,4939083784.191001
sikkim,2021,4.json,1584345,4196783262.0220003
meghalaya,2021,4.json,1440193,3848765400.461
andaman-&-nicobar-islands,2021,4.json,636123,1932610101.0199997
ladakh,2021,4.json,630187,2153535138.56
mizoram,2021,4.json,553329,1770665741.086
lakshadweep,2021,4.json,15470,50998185.52695
maharashtra,2022,1.json,1169506438,1681399612177.3
karnataka,2022,1.json,1057855407,1566650508157.5
telangana,2022,1.json,886453385,1670638739380.7
andhra-pradesh,2022,1.json,582603911,1294321778041.4001
rajasthan,2022,1.json,564962220,1022049632317.6
uttar-pradesh,2022,1.json,473953246,883123359524.7
madhya-pradesh,2022,1.json,472703058,747665215199
delhi,2022,1.json,330999861,536964875147.5
tamil-nadu,2022,1.json,294573150,512789491342.2
bihar,2022,1.json,284390434,611411889188.5
odisha,2022,1.json,263633499,451226850672.80005
west-bengal,2022,1.json,260505092,551426922771.4
gujarat,2022,1.json,210547146,392547817565.80005
haryana,2022,1.json,191988609,341303801652.8
jharkhand,2022,1.json,110911210,194699870430.78
chhattisgarh,2022,1.json,97413292,157847184934.11
kerala,2022,1.json,95280965,139988672241
assam,2022,1.json,58889886,132280085544.86
punjab,2022,1.json,57758302,118389978107.01
uttarakhand,2022,1.json,44560772,70978782499.96
jammu-&-kashmir,2022,1.json,16245311,33147863626.76
himachal-pradesh,2022,1.json,16088180,26518447439.86
goa,2022,1.json,12214098,19816445402.889996
chandigarh,2022,1.json,8600491,15174991549.76
puducherry,2022,1.json,7359176,12083474905.227
manipur,2022,1.json,5313679,14144501077.706999
dadra-&-nagar-haveli-&-daman-&-diu,2022,1.json,4802803,6237048368.000001
tripura,2022,1.json,2871190,6247329764.332
arunachal-pradesh,2022,1.json,2804068,7828091627.606
nagaland,2022,1.json,1925952,5544951709.253
sikkim,2022,1.json,1744302,4367431275.889999
meghalaya,2022,1.json,1674750,4662338331.596
andaman-&-nicobar-islands,2022,1.json,794748,2129030202.3650002
ladakh,2022,1.json,630015,2025040919.1899998
mizoram,2022,1.json,604917,1945158963.61
lakshadweep,2022,1.json,16397,54939432.656390004
maharashtra,2022,2.json,1407533113,2006270118994.8
karnataka,2022,2.json,1277448960,1867145545662.0999
telangana,2022,2.json,1063382557,1951410052117
andhra-pradesh,2022,2.json,671134030,1479855361034.9
rajasthan,2022,2.json,661170150,1152833532153.7
uttar-pradesh,2022,2.json,595298776,1067514736108.4
madhya-pradesh,2022,2.json,544899829,867024817108
delhi,2022,2.json,410634184,629856048834.5
bihar,2022,2.json,360145029,754461413712
tamil-nadu,2022,2.json,354506937,590134485770
west-bengal,2022,2.json,315742141,648575478990.1
odisha,2022,2.json,313451598,510035354892.26996
gujarat,2022,2.json,252052796,446798220499.60004
haryana,2022,2.json,234699962,395234238044
jharkhand,2022,2.json,132925275,225636328630.62
chhattisgarh,2022,2.json,116584048,181181729924.96
kerala,2022,2.json,106365322,154696613429.8
assam,2022,2.json,76334725,153111128981.75998
punjab,2022,2.json,72272823,137345357828.26001
uttarakhand,2022,2.json,58166878,88313371024.87
jammu-&-kashmir,2022,2.json,23813747,46254290836.79
himachal-pradesh,2022,2.json,21291371,33709107957.74
goa,2022,2.json,14216054,22873037759.629997
chandigarh,2022,2.json,10772489,17283500158.700996
puducherry,2022,2.json,8643687,13778745256.619
manipur,2022,2.json,6105632,14922910635.250002
dadra-&-nagar-haveli-&-daman-&-diu,2022,2.json,5759771,6995159780.841999
arunachal-pradesh,2022,2.json,3556925,9131665374.18
tripura,2022,2.json,3418664,6878271042.705
sikkim,2022,2.json,2322081,5611105670.125
meghalaya,2022,2.json,2044649,5281491421.740001
nagaland,2022,2.json,2031329,5740285348.820999
ladakh,2022,2.json,1118073,3543318177.7329993
andaman-&-nicobar-islands,2022,2.json,1071217,2685920349.6210003
mizoram,2022,2.json,643977,2003186566.8424997
lakshadweep,2022,2.json,17569,55929601.99265
telangana,2022,3.json,1628165401,2706322895209.5
maharashtra,2022,3.json,1486389417,1947583916989.2
karnataka,2022,3.json,1189761328,1665913600163.0999
rajasthan,2022,3.json,767541360,1238489177981.4001
madhya-pradesh,2022,3.json,731259559,1032908163928.2999
uttar-pradesh,2022,3.json,703589072,1121369889665.5
andhra-pradesh,2022,3.json,642855035,1385073063169.1
delhi,2022,3.json,475592161,677613271511.2001
bihar,2022,3.json,437367385,791446683961
tamil-nadu,2022,3.json,393496175,631878726302
odisha,2022,3.json,386687326,564545558635.4
west-bengal,2022,3.json,356792388,704749632209.3999
gujarat,2022,3.json,303239732,497437692884.89996
haryana,2022,3.json,269361810,428054925472.6
chhattisgarh,2022,3.json,158252587,220161343653.34
jharkhand,2022,3.json,146815332,229412417781.53
kerala,2022,3.json,119362904,162260416170.2
assam,2022,3.json,86113811,161489375202.72998
punjab,2022,3.json,84177897,149319064931.34
uttarakhand,2022,3.json,63996519,92641259938.71
himachal-pradesh,2022,3.json,25164868,37380782688.01
jammu-&-kashmir,2022,3.json,22534394,40963554502.94
chandigarh,2022,3.json,13478173,20559757737.161
goa,2022,3.json,13188687,19574265274.96
puducherry,2022,3.json,7042727,10854317711.752
dadra-&-nagar-haveli-&-daman-&-diu,2022,3.json,6465621,7520647359.903
manipur,2022,3.json,6352742,15381430267.032999
meghalaya,2022,3.json,4359165,9603300797.452
tripura,2022,3.json,4256579,8648352804.588001
arunachal-pradesh,2022,3.json,3939418,9025110784.277998
sikkim,2022,3.json,2396758,5162880544.253
nagaland,2022,3.json,1894113,5364400495.179
andaman-&-nicobar-islands,2022,3.json,1584379,3310631772.5790005
ladakh,2022,3.json,1190858,3605199349.898
mizoram,2022,3.json,659038,1946265612.0953
lakshadweep,2022,3.json,15241,47580009.62189999
telangana,2022,4.json,1819506832,2978252159485.3
maharashtra,2022,4.json,1688775272,2210471642674.7
karnataka,2022,4.json,1378910371,1904519263737.9001
madhya-pradesh,2022,4.json,898828268,1303000061162.3
rajasthan,2022,4.json,865574848,1456956008838.7
uttar-pradesh,2022,4.json,836369071,1376383271767.1
andhra-pradesh,2022,4.json,690017077,1424725645661.1
bihar,2022,4.json,517084649,936011807354.9
delhi,2022,4.json,515203457,744914805361.4
odisha,2022,4.json,445714743,652217577680.2001
tamil-nadu,2022,4.json,436316636,675689250041.7
west-bengal,2022,4.json,405847597,787775693893.3
gujarat,2022,4.json,341156018,567917726133.3
haryana,2022,4.json,296648365,490490295860.9
chhattisgarh,2022,4.json,177960446,252519300117.63
jharkhand,2022,4.json,175300092,277972087051.57
kerala,2022,4.json,132960468,173560080896.1
assam,2022,4.json,103981267,192653121518.52002
punjab,2022,4.json,91835180,168107659222.83002
uttarakhand,2022,4.json,77983880,115496046831.78
himachal-pradesh,2022,4.json,28555136,41779343232.420006
jammu-&-kashmir,2022,4.json,27316158,44315295915.83
chandigarh,2022,4.json,17904840,27879754566.93
goa,2022,4.json,17192674,24924986370.91
puducherry,2022,4.json,7556127,11142204877.328
dadra-&-nagar-haveli-&-daman-&-diu,2022,4.json,7189585,8059640745.469
manipur,2022,4.json,6428670,15625956697.468
tripura,2022,4.json,5198190,10452971817.931002
arunachal-pradesh,2022,4.json,4632709,9684909697.894001
meghalaya,2022,4.json,3932448,8996541156.151001
sikkim,2022,4.json,3058339,6458385389.321
nagaland,2022,4.json,2476205,6969966384.576
andaman-&-nicobar-islands,2022,4.json,1987535,3984674404.674
ladakh,2022,4.json,1083372,2894477573.095
mizoram,2022,4.json,693774,2037911084.9758
lakshadweep,2022,4.json,17147,54813873.61103
maharashtra,2023,1.json,1848268499,2362283110776
karnataka,2023,1.json,1844697189,2470227968061
telangana,2023,1.json,1440331458,2372578001135
andhra-pradesh,2023,1.json,1145532464,2249053415898
uttar-pradesh,2023,1.json,1002557722,1636936625305
rajasthan,2023,1.json,921096686,1554909010873
madhya-pradesh,2023,1.json,734566970,1062027199588
bihar,2023,1.json,547831195,1039276645175
odisha,2023,1.json,482896088,753969724321
tamil-nadu,2023,1.json,461212387,715583056703
west-bengal,2023,1.json,459278344,896882898775
delhi,2023,1.json,409753103,611402720698
haryana,2023,1.json,381318464,591150727053
gujarat,2023,1.json,362511326,597826711120
jharkhand,2023,1.json,240458103,367371790947
chhattisgarh,2023,1.json,214748957,301089252454
kerala,2023,1.json,147621565,193637170408
assam,2023,1.json,113760638,212354013338
punjab,2023,1.json,96910821,175508331709
uttarakhand,2023,1.json,79385675,107179907585
jammu-&-kashmir,2023,1.json,38927244,55921747581
himachal-pradesh,2023,1.json,27301726,37740947734
goa,2023,1.json,24195070,35096965775
dadra-&-nagar-haveli-&-daman-&-diu,2023,1.json,11803985,12614091200
puducherry,2023,1.json,10144295,14222388506
chandigarh,2023,1.json,9815605,12824894394
arunachal-pradesh,2023,1.json,8042825,16394578454
tripura,2023,1.json,7118687,13288282891
meghalaya,2023,1.json,4164705,10084840615
sikkim,2023,1.json,3396128,6762568022
manipur,2023,1.json,3258383,8585564092
nagaland,2023,1.json,2685570,7814397854
andaman-&-nicobar-islands,2023,1.json,2276392,4461528587
ladakh,2023,1.json,1567246,3849021298
mizoram,2023,1.json,1052595,2955622739
lakshadweep,2023,1.json,29520,85321961
karnataka,2023,2.json,2067867526,2777597346459
maharashtra,2023,2.json,2063717848,2606002755102
telangana,2023,2.json,1665430971,2698152132584
andhra-pradesh,2023,2.json,1305656964,2506041193495
uttar-pradesh,2023,2.json,1211410582,1836624121621
rajasthan,2023,2.json,1073459338,1698458563277
madhya-pradesh,2023,2.json,848037060,1202441668812
bihar,2023,2.json,683933094,1226047173462
west-bengal,2023,2.json,545317686,1009315695098
odisha,2023,2.json,544597829,799331733506
tamil-nadu,2023,2.json,498429638,776362630443
delhi,2023,2.json,482138998,661728558948
haryana,2023,2.json,457536190,661742447775
gujarat,2023,2.json,416922553,645407563843
jharkhand,2023,2.json,289233893,422215048610
chhattisgarh,2023,2.json,249931636,333157040291
kerala,2023,2.json,156170617,207796553787
assam,2023,2.json,138290953,235110505802
punjab,2023,2.json,117290289,194181925313
uttarakhand,2023,2.json,102758214,134072872398
jammu-&-kashmir,2023,2.json,54588299,76530005380
himachal-pradesh,2023,2.json,35061595,46875063718
goa,2023,2.json,26530590,38412206943
dadra-&-nagar-haveli-&-daman-&-diu,2023,2.json,13357115,13750538188
chandigarh,2023,2.json,11553687,14414408750
puducherry,2023,2.json,11130326,15386733257
arunachal-pradesh,2023,2.json,10360488,19805698664
tripura,2023,2.json,7929543,13919130082
meghalaya,2023,2.json,5077212,11084506486
sikkim,2023,2.json,4412967,8580350436
ladakh,2023,2.json,2943815,7191103886
nagaland,2023,2.json,2922001,8021399310
andaman-&-nicobar-islands,2023,2.json,2707775,4990344236
manipur,2023,2.json,1606271,4463876653
mizoram,2023,2.json,1208930,3191806576
lakshadweep,2023,2.json,34918,97987438
karnataka,2023,3.json,2369262302,2985878234057
maharashtra,2023,3.json,2290678587,2752173576325
telangana,2023,3.json,1875045924,2870198390544
andhra-pradesh,2023,3.json,1475164403,2653409202887
uttar-pradesh,2023,3.json,1354622466,1861752208334
rajasthan,2023,3.json,1237232167,1800228638889
madhya-pradesh,2023,3.json,978812593,1237821509466
bihar,2023,3.json,734238751,1148152838024
west-bengal,2023,3.json,632093191,1071548122171
odisha,2023,3.json,622397603,840298724997
tamil-nadu,2023,3.json,556085008,833105018021
delhi,2023,3.json,546706983,708199439855
haryana,2023,3.json,501519478,677491569062
gujarat,2023,3.json,479303590,707736900536
jharkhand,2023,3.json,318237426,418384322759
chhattisgarh,2023,3.json,283492657,350379442517
kerala,2023,3.json,170658651,220332628648
assam,2023,3.json,167575351,244058511727
punjab,2023,3.json,132161181,205225159862
uttarakhand,2023,3.json,106284687,128762398121
jammu-&-kashmir,2023,3.json,63903579,86016148426
himachal-pradesh,2023,3.json,33337054,41854571637
goa,2023,3.json,26999728,37375179974
dadra-&-nagar-haveli-&-daman-&-diu,2023,3.json,15370328,15096066463
chandigarh,2023,3.json,13052165,15426783311
arunachal-pradesh,2023,3.json,12802433,21127391086
puducherry,2023,3.json,12379641,16444491839
tripura,2023,3.json,9108762,15249223330
meghalaya,2023,3.json,6029842,11406633080
sikkim,2023,3.json,4804937,8107237421
ladakh,2023,3.json,3621366,8250572243
nagaland,2023,3.json,3422331,8616299673
andaman-&-nicobar-islands,2023,3.json,3098376,5211596791
mizoram,2023,3.json,1310413,3106130235
manipur,2023,3.json,865478,3608286601
lakshadweep,2023,3.json,43757,94527061
maharashtra,2023,4.json,2572162725,3098011264389
karnataka,2023,4.json,2564434164,3241373654858
telangana,2023,4.json,2020822178,3116418326644
andhra-pradesh,2023,4.json,1596987426,2802517839124
uttar-pradesh,2023,4.json,1566705382,2257439853744
rajasthan,2023,4.json,1349472154,2066382379131
madhya-pradesh,2023,4.json,1102294613,1426501652332
bihar,2023,4.json,924427274,1434733500410
west-bengal,2023,4.json,737953238,1249395593186
odisha,2023,4.json,732137476,978791854347
delhi,2023,4.json,598150746,799649065941
tamil-nadu,2023,4.json,593481381,872870174298
haryana,2023,4.json,554748233,782271043274
gujarat,2023,4.json,534115578,795087226414
jharkhand,2023,4.json,374538362,498719802309
chhattisgarh,2023,4.json,321876332,403984749633
assam,2023,4.json,193752157,285603699191
kerala,2023,4.json,179843093,224985103847
punjab,2023,4.json,142228995,231139386476
uttarakhand,2023,4.json,118071440,148083550650
jammu-&-kashmir,2023,4.json,69167132,93070141760
himachal-pradesh,2023,4.json,38651839,48280246564
goa,2023,4.json,33460978,44287671557
dadra-&-nagar-haveli-&-daman-&-diu,2023,4.json,18302373,17558059967
arunachal-pradesh,2023,4.json,14617742,24128799794
chandigarh,2023,4.json,13280078,16281223001
puducherry,2023,4.json,12986163,17024510550
tripura,2023,4.json,10140910,16819896794
meghalaya,2023,4.json,7268384,13873058692
sikkim,2023,4.json,4857324,8590608471
nagaland,2023,4.json,3797179,9674575422
andaman-&-nicobar-islands,2023,4.json,3695783,6269552499
ladakh,2023,4.json,3150218,6942986945
manipur,2023,4.json,2113200,6800325298
mizoram,2023,4.json,1500728,3540840283
lakshadweep,2023,4.json,63479,119831383
maharashtra,2024,1.json,2835770481,3372894473380
karnataka,2024,1.json,2796439155,3485251401102
telangana,2024,1.json,2179385307,3203768518758
uttar-pradesh,2024,1.json,1785296948,2477544113497
andhra-pradesh,2024,1.json,1755428485,3012730433408
rajasthan,2024,1.json,1599474007,2350500477042
madhya-pradesh,2024,1.json,1286156614,1625422555908
bihar,2024,1.json,1078734783,1637742049668
odisha,2024,1.json,864178452,1156388679885
west-bengal,2024,1.json,836408587,1422021676357
delhi,2024,1.json,650734058,832513813854
tamil-nadu,2024,1.json,640327197,913861227902
gujarat,2024,1.json,606576671,871620180614
haryana,2024,1.json,604293500,806787895434
jharkhand,2024,1.json,426759095,559720189408
chhattisgarh,2024,1.json,366176684,463010004619
assam,2024,1.json,221525056,321184143653
kerala,2024,1.json,181463966,227078111594
punjab,2024,1.json,142537179,223303668653
uttarakhand,2024,1.json,123234577,150276567903
jammu-&-kashmir,2024,1.json,75116355,93960928941
himachal-pradesh,2024,1.json,39520561,47884231339
goa,2024,1.json,35013987,45351900260
dadra-&-nagar-haveli-&-daman-&-diu,2024,1.json,21115009,19519196325
arunachal-pradesh,2024,1.json,16406414,26047044476
puducherry,2024,1.json,13446950,17386481977
chandigarh,2024,1.json,13155173,15842176181
tripura,2024,1.json,11042639,17752189374
meghalaya,2024,1.json,8531262,15629304658
sikkim,2024,1.json,5820146,9455721523
nagaland,2024,1.json,4258924,10044915308
andaman-&-nicobar-islands,2024,1.json,4184920,6859151835
manipur,2024,1.json,3845564,9242973323
ladakh,2024,1.json,2987101,6085390661
mizoram,2024,1.json,1627016,3630096730
lakshadweep,2024,1.json,81176,130052381
maharashtra,2024,2.json,3063494802,3573192363739
karnataka,2024,2.json,3042012848,3785031114140
telangana,2024,2.json,2417264357,3461538280797
uttar-pradesh,2024,2.json,2135538658,2704224110192
andhra-pradesh,2024,2.json,1930122300,3181919130066
rajasthan,2024,2.json,1818855106,2497090787776
madhya-pradesh,2024,2.json,1435472057,1779676761515
bihar,2024,2.json,1313888385,1886846814479
west-bengal,2024,2.json,980480707,1547339918455
odisha,2024,2.json,944027735,1164838957510
delhi,2024,2.json,777540400,896917378622
haryana,2024,2.json,738553925,905444862852
tamil-nadu,2024,2.json,705083686,985150945553
gujarat,2024,2.json,690395153,910625440908
jharkhand,2024,2.json,499685871,620115749218
chhattisgarh,2024,2.json,412047705,496313574007
assam,2024,2.json,271327087,345308823991
kerala,2024,2.json,194872467,242003795047
punjab,2024,2.json,171946137,244435009166
uttarakhand,2024,2.json,158564982,180612580842
jammu-&-kashmir,2024,2.json,108179014,129061756911
himachal-pradesh,2024,2.json,52583801,59849740702
goa,2024,2.json,37000806,47454830712
dadra-&-nagar-haveli-&-daman-&-diu,2024,2.json,23393115,20328992711
arunachal-pradesh,2024,2.json,19478372,29706351630
chandigarh,2024,2.json,15940973,17556903812
puducherry,2024,2.json,14564895,18242009736
tripura,2024,2.json,12787547,18137431068
meghalaya,2024,2.json,11089661,16794614094
sikkim,2024,2.json,7188322,11296518155
nagaland,2024,2.json,5598700,11012913096
ladakh,2024,2.json,5327359,10125723348
manipur,2024,2.json,5063324,10898000793
andaman-&-nicobar-islands,2024,2.json,4653224,7295780330
mizoram,2024,2.json,1977079,3798477640
lakshadweep,2024,2.json,109085,146212841
maharashtra,2024,3.json,3287403995,3687266048466
karnataka,2024,3.json,3261134095,3907206484451
telangana,2024,3.json,2610137835,3551315467582
uttar-pradesh,2024,3.json,2285955833,2717470941952
andhra-pradesh,2024,3.json,2091371362,3226645964488
rajasthan,2024,3.json,1935405035,2472256483930
madhya-pradesh,2024,3.json,1537738457,1761079506395
bihar,2024,3.json,1352876223,1780277628607
west-bengal,2024,3.json,1084916445,1607642787459
odisha,2024,3.json,1023940349,1177234055921
delhi,2024,3.json,844844523,958203334168
haryana,2024,3.json,794940220,923206773342
tamil-nadu,2024,3.json,778536701,1050780198466
gujarat,2024,3.json,757441250,963551596306
jharkhand,2024,3.json,522575883,609910026927
chhattisgarh,2024,3.json,443640102,497360014741
assam,2024,3.json,295345591,333558736213
kerala,2024,3.json,214695458,258302438795
punjab,2024,3.json,187554720,256116385006
uttarakhand,2024,3.json,159278815,173414730063
jammu-&-kashmir,2024,3.json,119555288,144470345977
himachal-pradesh,2024,3.json,49737549,56615941598
goa,2024,3.json,36762111,45913528012
dadra-&-nagar-haveli-&-daman-&-diu,2024,3.json,25446270,21564631566
arunachal-pradesh,2024,3.json,24447142,31601956705
chandigarh,2024,3.json,17708385,19259257876
puducherry,2024,3.json,16008711,19535004396
tripura,2024,3.json,14400581,19948846189
meghalaya,2024,3.json,12110124,16292956696
sikkim,2024,3.json,7713781,10569829072
nagaland,2024,3.json,6981635,12281315168
ladakh,2024,3.json,6913885,12652871712
manipur,2024,3.json,5700096,11671516831
andaman-&-nicobar-islands,2024,3.json,5279250,7663845009
mizoram,2024,3.json,2360206,3923888231
lakshadweep,2024,3.json,157478,192408087
maharashtra,2024,4.json,3634231839,4151027749542
karnataka,2024,4.json,3455056424,4151823982674
telangana,2024,4.json,2822451603,3859051317441
uttar-pradesh,2024,4.json,2544890265,3214108639641
andhra-pradesh,2024,4.json,2296445544,3452019926122
rajasthan,2024,4.json,2043469547,2793052865690
madhya-pradesh,2024,4.json,1685401835,2003300081119
bihar,2024,4.json,1559667675,2098928970690
west-bengal,2024,4.json,1227135682,1810102717185
odisha,2024,4.json,1143097568,1305457041262
delhi,2024,4.json,910543082,1057059882035
haryana,2024,4.json,841394290,1031958980143
gujarat,2024,4.json,827374966,1076014871214
tamil-nadu,2024,4.json,820423888,1087632505914
jharkhand,2024,4.json,586904686,704011145389
chhattisgarh,2024,4.json,500655404,576827823840
assam,2024,4.json,332441531,382786210274
kerala,2024,4.json,233112441,273639729453
punjab,2024,4.json,199509220,289125630546
uttarakhand,2024,4.json,171136132,194908662002
jammu-&-kashmir,2024,4.json,126261217,160951295519
himachal-pradesh,2024,4.json,53798398,63736996234
goa,2024,4.json,46131536,56562589543
dadra-&-nagar-haveli-&-daman-&-diu,2024,4.json,28463700,23945221461
arunachal-pradesh,2024,4.json,26793457,35079886873
chandigarh,2024,4.json,18528444,20501385889
puducherry,2024,4.json,16559677,19965392547
tripura,2024,4.json,15945159,22409905268
