state_name,year,quarter_file,payment_type,total_transactions,total_amount
andaman-&-nicobar-islands,2018,1.json,TOTAL,6658,14631761.221830001
andaman-&-nicobar-islands,2018,2.json,TOTAL,11340,28338535.5065
andaman-&-nicobar-islands,2018,3.json,TOTAL,16265,55557471.131804004
andaman-&-nicobar-islands,2018,4.json,TOTAL,23758,90548336.07544
andaman-&-nicobar-islands,2019,1.json,TOTAL,30486,102299740.6751
andaman-&-nicobar-islands,2019,2.json,TOTAL,33689,120254709.7093
andaman-&-nicobar-islands,2019,3.json,TOTAL,33770,114071776.08410001
andaman-&-nicobar-islands,2019,4.json,TOTAL,35159,136838530.5095
andaman-&-nicobar-islands,2020,1.json,TOTAL,41298,161476312.3007
andaman-&-nicobar-islands,2020,2.json,TOTAL,62962,169645001.37429997
andaman-&-nicobar-islands,2020,3.json,TOTAL,117483,338019446.3052
andaman-&-nicobar-islands,2020,4.json,TOTAL,224531,627282656.3290001
andaman-&-nicobar-islands,2021,1.json,TOTAL,244752,783706567.3810002
andaman-&-nicobar-islands,2021,2.json,TOTAL,341414,899147016.13
andaman-&-nicobar-islands,2021,3.json,TOTAL,449764,1310024395.629
andaman-&-nicobar-islands,2021,4.json,TOTAL,636123,1932610101.0199997
andaman-&-nicobar-islands,2022,1.json,TOTAL,794748,2129030202.3650002
andaman-&-nicobar-islands,2022,2.json,TOTAL,1071217,2685920349.6210003
andaman-&-nicobar-islands,2022,3.json,TOTAL,1584379,3310631772.5790005
andaman-&-nicobar-islands,2022,4.json,TOTAL,1987535,3984674404.674
andaman-&-nicobar-islands,2023,1.json,TOTAL,2276392,4461528587
andaman-&-nicobar-islands,2023,2.json,TOTAL,2707775,4990344236
andaman-&-nicobar-islands,2023,3.json,TOTAL,3098376,5211596791
andaman-&-nicobar-islands,2023,4.json,TOTAL,3695783,6269552499
andaman-&-nicobar-islands,2024,1.json,TOTAL,4184920,6859151835
andaman-&-nicobar-islands,2024,2.json,TOTAL,4653224,7295780330
andaman-&-nicobar-islands,2024,3.json,TOTAL,5279250,7663845009
andaman-&-nicobar-islands,2024,4.json,TOTAL,6063900,8920944773
andhra-pradesh,2018,1.json,TOTAL,9039585,11996276391.660002
andhra-pradesh,2018,2.json,TOTAL,12353918,22883914272.31
andhra-pradesh,2018,3.json,TOTAL,25626061,35718044599.67
andhra-pradesh,2018,4.json,TOTAL,30759548,51473779406.700005
andhra-pradesh,2019,1.json,TOTAL,57264522,83760595916.03
andhra-pradesh,2019,2.json,TOTAL,56409015,113634869526.17
andhra-pradesh,2019,3.json,TOTAL,76288614,139448298925.63
andhra-pradesh,2019,4.json,TOTAL,107218103,200948765438.95
andhra-pradesh,2020,1.json,TOTAL,127677357,252737660233.57
andhra-pradesh,2020,2.json,TOTAL,144917855,302583965615.8
andhra-pradesh,2020,3.json,TOTAL,204902935,467084342332.9
andhra-pradesh,2020,4.json,TOTAL,286118552,654841407490.1
andhra-pradesh,2021,1.json,TOTAL,289747970,672444477163.1
andhra-pradesh,2021,2.json,TOTAL,352767134,850737015050.8
andhra-pradesh,2021,3.json,TOTAL,432032550,984217532931.4
andhra-pradesh,2021,4.json,TOTAL,522254003,1156264748238.4
andhra-pradesh,2022,1.json,TOTAL,582603911,1294321778041.4001
andhra-pradesh,2022,2.json,TOTAL,671134030,1479855361034.9
andhra-pradesh,2022,3.json,TOTAL,642855035,1385073063169.1
andhra-pradesh,2022,4.json,TOTAL,690017077,1424725645661.1
andhra-pradesh,2023,1.json,TOTAL,1145532464,2249053415898
andhra-pradesh,2023,2.json,TOTAL,1305656964,2506041193495
andhra-pradesh,2023,3.json,TOTAL,1475164403,2653409202887
andhra-pradesh,2023,4.json,TOTAL,1596987426,2802517839124
andhra-pradesh,2024,1.json,TOTAL,1755428485,3012730433408
andhra-pradesh,2024,2.json,TOTAL,1930122300,3181919130066
andhra-pradesh,2024,3.json,TOTAL,2091371362,3226645964488
andhra-pradesh,2024,4.json,TOTAL,2296445544,3452019926122
arunachal-pradesh,2018,1.json,TOTAL,45497,92387336.00602001
arunachal-pradesh,2018,2.json,TOTAL,82157,198970192.35059997
arunachal-pradesh,2018,3.json,TOTAL,131146,331726406.79225004
arunachal-pradesh,2018,4.json,TOTAL,176429,504040029.0528
arunachal-pradesh,2019,1.json,TOTAL,226506,609950106.2689
arunachal-pradesh,2019,2.json,TOTAL,258656,752655874.3461
arunachal-pradesh,2019,3.json,TOTAL,370234,912645034.7415001
arunachal-pradesh,2019,4.json,TOTAL,459475,1190573179.5908
arunachal-pradesh,2020,1.json,TOTAL,567175,1381758680.9152
arunachal-pradesh,2020,2.json,TOTAL,808774,1826716832.908
arunachal-pradesh,2020,3.json,TOTAL,962827,2609938565.1679997
arunachal-pradesh,2020,4.json,TOTAL,1209129,3570264021.3929996
arunachal-pradesh,2021,1.json,TOTAL,1177456,3813779079.083
arunachal-pradesh,2021,2.json,TOTAL,1568338,4456425616.931001
arunachal-pradesh,2021,3.json,TOTAL,1906967,5678124175.277
arunachal-pradesh,2021,4.json,TOTAL,2390598,6943510352.466
arunachal-pradesh,2022,1.json,TOTAL,2804068,7828091627.606
arunachal-pradesh,2022,2.json,TOTAL,3556925,9131665374.18
arunachal-pradesh,2022,3.json,TOTAL,3939418,9025110784.277998
arunachal-pradesh,2022,4.json,TOTAL,4632709,9684909697.894001
arunachal-pradesh,2023,1.json,TOTAL,8042825,16394578454
arunachal-pradesh,2023,2.json,TOTAL,10360488,19805698664
arunachal-pradesh,2023,3.json,TOTAL,12802433,21127391086
arunachal-pradesh,2023,4.json,TOTAL,14617742,24128799794
arunachal-pradesh,2024,1.json,TOTAL,16406414,26047044476
arunachal-pradesh,2024,2.json,TOTAL,19478372,29706351630
arunachal-pradesh,2024,3.json,TOTAL,24447142,31601956705
arunachal-pradesh,2024,4.json,TOTAL,26793457,35079886873
assam,2018,1.json,TOTAL,1056881,1157804456.2310002
assam,2018,2.json,TOTAL,1663873,2350585135.398
assam,2018,3.json,TOTAL,2351851,3811134990.372
assam,2018,4.json,TOTAL,3734172,5888022858.917001
assam,2019,1.json,TOTAL,4533005,8002099536.652999
assam,2019,2.json,TOTAL,5454929,10954969189.324
assam,2019,3.json,TOTAL,5942571,12950443620.185
assam,2019,4.json,TOTAL,6760510,15281983895.196001
assam,2020,1.json,TOTAL,8808860,20668428348.048
assam,2020,2.json,TOTAL,10505199,19766300125.899998
assam,2020,3.json,TOTAL,12397711,29831391258.78
assam,2020,4.json,TOTAL,15423454,40226611319.450005
assam,2021,1.json,TOTAL,19512060,51326464546.27
assam,2021,2.json,TOTAL,25432905,59192473376.77
assam,2021,3.json,TOTAL,33504441,75700499272.84
assam,2021,4.json,TOTAL,46020361,104184967893.41
assam,2022,1.json,TOTAL,58889886,132280085544.86
assam,2022,2.json,TOTAL,76334725,153111128981.75998
assam,2022,3.json,TOTAL,86113811,161489375202.72998
assam,2022,4.json,TOTAL,103981267,192653121518.52002
assam,2023,1.json,TOTAL,113760638,212354013338
assam,2023,2.json,TOTAL,138290953,235110505802
assam,2023,3.json,TOTAL,167575351,244058511727
assam,2023,4.json,TOTAL,193752157,285603699191
assam,2024,1.json,TOTAL,221525056,321184143653
assam,2024,2.json,TOTAL,271327087,345308823991
assam,2024,3.json,TOTAL,295345591,333558736213
assam,2024,4.json,TOTAL,332441531,382786210274
bihar,2018,1.json,TOTAL,5824302,6045758171.58
bihar,2018,2.json,TOTAL,8632378,13506131109.6
bihar,2018,3.json,TOTAL,14367804,20135804378.95
bihar,2018,4.json,TOTAL,15732401,28397997168.809998
bihar,2019,1.json,TOTAL,26356234,41502827515.130005
bihar,2019,2.json,TOTAL,29960479,63132438283.64
bihar,2019,3.json,TOTAL,32139900,67692783254.13
bihar,2019,4.json,TOTAL,43530314,93313426577.65999
bihar,2020,1.json,TOTAL,45081815,109256853527.91
bihar,2020,2.json,TOTAL,53386742,128806154687.45999
bihar,2020,3.json,TOTAL,71503748,173329181360.66
bihar,2020,4.json,TOTAL,96591673,238906055245
bihar,2021,1.json,TOTAL,114932477,280973337339.1
bihar,2021,2.json,TOTAL,155603622,374580571923.10004
bihar,2021,3.json,TOTAL,187671113,397062658172.1
bihar,2021,4.json,TOTAL,245126945,519371516054.7
bihar,2022,1.json,TOTAL,284390434,611411889188.5
bihar,2022,2.json,TOTAL,360145029,754461413712
bihar,2022,3.json,TOTAL,437367385,791446683961
bihar,2022,4.json,TOTAL,517084649,936011807354.9
bihar,2023,1.json,TOTAL,547831195,1039276645175
bihar,2023,2.json,TOTAL,683933094,1226047173462
bihar,2023,3.json,TOTAL,734238751,1148152838024
bihar,2023,4.json,TOTAL,924427274,1434733500410
bihar,2024,1.json,TOTAL,1078734783,1637742049668
bihar,2024,2.json,TOTAL,1313888385,1886846814479
bihar,2024,3.json,TOTAL,1352876223,1780277628607
bihar,2024,4.json,TOTAL,1559667675,2098928970690
chandigarh,2018,1.json,TOTAL,381895,613435420.82
chandigarh,2018,2.json,TOTAL,479084,961223261.7239999
chandigarh,2018,3.json,TOTAL,616936,1369354447.587
chandigarh,2018,4.json,TOTAL,905116,2032591591.4669998
chandigarh,2019,1.json,TOTAL,1274476,2396032050.7867002
chandigarh,2019,2.json,TOTAL,1252470,2693116099.4114
chandigarh,2019,3.json,TOTAL,1506543,3269682087.8450003
chandigarh,2019,4.json,TOTAL,1850915,4152513818.3415003
chandigarh,2020,1.json,TOTAL,2262511,5126453069.551
chandigarh,2020,2.json,TOTAL,1528010,3847015730.1070004
chandigarh,2020,3.json,TOTAL,2158086,5089809352.959999
chandigarh,2020,4.json,TOTAL,2912716,6146762901.008999
chandigarh,2021,1.json,TOTAL,3970237,7596420859.102
chandigarh,2021,2.json,TOTAL,4417547,8417673940.263
chandigarh,2021,3.json,TOTAL,6649378,11815883004.154
chandigarh,2021,4.json,TOTAL,7898903,14373583510.640001
chandigarh,2022,1.json,TOTAL,8600491,15174991549.76
chandigarh,2022,2.json,TOTAL,10772489,17283500158.700996
chandigarh,2022,3.json,TOTAL,13478173,20559757737.161
chandigarh,2022,4.json,TOTAL,17904840,27879754566.93
chandigarh,2023,1.json,TOTAL,9815605,12824894394
chandigarh,2023,2.json,TOTAL,11553687,14414408750
chandigarh,2023,3.json,TOTAL,13052165,15426783311
chandigarh,2023,4.json,TOTAL,13280078,16281223001
chandigarh,2024,1.json,TOTAL,13155173,15842176181
chandigarh,2024,2.json,TOTAL,15940973,17556903812
chandigarh,2024,3.json,TOTAL,17708385,19259257876
chandigarh,2024,4.json,TOTAL,18528444,20501385889
chhattisgarh,2018,1.json,TOTAL,1891514,2149155557.064
chhattisgarh,2018,2.json,TOTAL,2816156,4264170443.5269995
chhattisgarh,2018,3.json,TOTAL,3859604,6302307073.707
chhattisgarh,2018,4.json,TOTAL,5365844,9416412664.496
chhattisgarh,2019,1.json,TOTAL,7887669,12544556384.942999
chhattisgarh,2019,2.json,TOTAL,9389945,17002355688.974
chhattisgarh,2019,3.json,TOTAL,12243111,19803259168.229
chhattisgarh,2019,4.json,TOTAL,16305758,27143788737.704002
chhattisgarh,2020,1.json,TOTAL,19523991,32860597670.903
chhattisgarh,2020,2.json,TOTAL,18820925,32268382207.05
chhattisgarh,2020,3.json,TOTAL,24148539,41526744807.079994
chhattisgarh,2020,4.json,TOTAL,35529636,62214974283.579994
chhattisgarh,2021,1.json,TOTAL,39436437,69409843261.45999
chhattisgarh,2021,2.json,TOTAL,44689420,78728771258.91
chhattisgarh,2021,3.json,TOTAL,64237938,104606108262.4
chhattisgarh,2021,4.json,TOTAL,84717494,136399113203
chhattisgarh,2022,1.json,TOTAL,97413292,157847184934.11
chhattisgarh,2022,2.json,TOTAL,116584048,181181729924.96
chhattisgarh,2022,3.json,TOTAL,158252587,220161343653.34
chhattisgarh,2022,4.json,TOTAL,177960446,252519300117.63
chhattisgarh,2023,1.json,TOTAL,214748957,301089252454
chhattisgarh,2023,2.json,TOTAL,249931636,333157040291
chhattisgarh,2023,3.json,TOTAL,283492657,350379442517
chhattisgarh,2023,4.json,TOTAL,321876332,403984749633
chhattisgarh,2024,1.json,TOTAL,366176684,463010004619
chhattisgarh,2024,2.json,TOTAL,412047705,496313574007
chhattisgarh,2024,3.json,TOTAL,443640102,497360014741
chhattisgarh,2024,4.json,TOTAL,500655404,576827823840
dadra-&-nagar-haveli-&-daman-&-diu,2018,1.json,TOTAL,148549,175658384.06339997
dadra-&-nagar-haveli-&-daman-&-diu,2018,2.json,TOTAL,202626,302070771.70350003
dadra-&-nagar-haveli-&-daman-&-diu,2018,3.json,TOTAL,289575,447639595.6639
dadra-&-nagar-haveli-&-daman-&-diu,2018,4.json,TOTAL,404082,658750616.7871
dadra-&-nagar-haveli-&-daman-&-diu,2019,1.json,TOTAL,661814,843369776.0378999
dadra-&-nagar-haveli-&-daman-&-diu,2019,2.json,TOTAL,489656,824441276.5521998
dadra-&-nagar-haveli-&-daman-&-diu,2019,3.json,TOTAL,638751,961471473.9114
dadra-&-nagar-haveli-&-daman-&-diu,2019,4.json,TOTAL,768971,1226641262.5146003
dadra-&-nagar-haveli-&-daman-&-diu,2020,1.json,TOTAL,878579,1342763369.7900999
dadra-&-nagar-haveli-&-daman-&-diu,2020,2.json,TOTAL,973152,1302376453.4942
dadra-&-nagar-haveli-&-daman-&-diu,2020,3.json,TOTAL,1138312,1749789114.7900002
dadra-&-nagar-haveli-&-daman-&-diu,2020,4.json,TOTAL,1817791,2700511101.2970004
dadra-&-nagar-haveli-&-daman-&-diu,2021,1.json,TOTAL,1925244,2965632910.958
dadra-&-nagar-haveli-&-daman-&-diu,2021,2.json,TOTAL,2125083,3157668460.949
dadra-&-nagar-haveli-&-daman-&-diu,2021,3.json,TOTAL,3129470,4305939102.714
dadra-&-nagar-haveli-&-daman-&-diu,2021,4.json,TOTAL,4157085,5565839386.487
dadra-&-nagar-haveli-&-daman-&-diu,2022,1.json,TOTAL,4802803,6237048368.000001
dadra-&-nagar-haveli-&-daman-&-diu,2022,2.json,TOTAL,5759771,6995159780.841999
dadra-&-nagar-haveli-&-daman-&-diu,2022,3.json,TOTAL,6465621,7520647359.903
dadra-&-nagar-haveli-&-daman-&-diu,2022,4.json,TOTAL,7189585,8059640745.469
dadra-&-nagar-haveli-&-daman-&-diu,2023,1.json,TOTAL,11803985,12614091200
dadra-&-nagar-haveli-&-daman-&-diu,2023,2.json,TOTAL,13357115,13750538188
dadra-&-nagar-haveli-&-daman-&-diu,2023,3.json,TOTAL,15370328,15096066463
dadra-&-nagar-haveli-&-daman-&-diu,2023,4.json,TOTAL,18302373,17558059967
dadra-&-nagar-haveli-&-daman-&-diu,2024,1.json,TOTAL,21115009,19519196325
dadra-&-nagar-haveli-&-daman-&-diu,2024,2.json,TOTAL,23393115,20328992711
dadra-&-nagar-haveli-&-daman-&-diu,2024,3.json,TOTAL,25446270,21564631566
dadra-&-nagar-haveli-&-daman-&-diu,2024,4.json,TOTAL,28463700,23945221461
delhi,2018,1.json,TOTAL,7122754,11211503807.27
delhi,2018,2.json,TOTAL,9373723,17446299902.300003
delhi,2018,3.json,TOTAL,18547048,27375846861.55
delhi,2018,4.json,TOTAL,29187719,39722857619.44
delhi,2019,1.json,TOTAL,47007327,58469131789.399994
delhi,2019,2.json,TOTAL,57171512,81706816063.07999
delhi,2019,3.json,TOTAL,69537876,103196812045.99
delhi,2019,4.json,TOTAL,80744997,129024943272.47
delhi,2020,1.json,TOTAL,81747604,133616943636.25
delhi,2020,2.json,TOTAL,66042018,107873438203.36
delhi,2020,3.json,TOTAL,96491861,175163939256.09998
delhi,2020,4.json,TOTAL,120540417,216265032233.09998
delhi,2021,1.json,TOTAL,157359004,266928793302.3
delhi,2021,2.json,TOTAL,170157264,281941142156.8
delhi,2021,3.json,TOTAL,238760608,383858783942.3
delhi,2021,4.json,TOTAL,292683359,488695341727.9
delhi,2022,1.json,TOTAL,330999861,536964875147.5
delhi,2022,2.json,TOTAL,410634184,629856048834.5
delhi,2022,3.json,TOTAL,475592161,677613271511.2001
delhi,2022,4.json,TOTAL,515203457,744914805361.4
delhi,2023,1.json,TOTAL,409753103,611402720698
delhi,2023,2.json,TOTAL,482138998,661728558948
delhi,2023,3.json,TOTAL,546706983,708199439855
delhi,2023,4.json,TOTAL,598150746,799649065941
delhi,2024,1.json,TOTAL,650734058,832513813854
delhi,2024,2.json,TOTAL,777540400,896917378622
delhi,2024,3.json,TOTAL,844844523,958203334168
delhi,2024,4.json,TOTAL,910543082,1057059882035
goa,2018,1.json,TOTAL,160897,303856742.3744
goa,2018,2.json,TOTAL,229575,478603825.3383
goa,2018,3.json,TOTAL,339511,713166969.2057999
goa,2018,4.json,TOTAL,514755,1153005078.4738002
goa,2019,1.json,TOTAL,738812,1475323397.4567
goa,2019,2.json,TOTAL,768441,1591867103.6377
goa,2019,3.json,TOTAL,1092416,2000367191.564
goa,2019,4.json,TOTAL,1515272,2923460348.1751
goa,2020,1.json,TOTAL,1881237,3410371232.2589993
goa,2020,2.json,TOTAL,1482092,2183616429.729
goa,2020,3.json,TOTAL,1915531,3368343580.588
goa,2020,4.json,TOTAL,3801381,6899792748.04
goa,2021,1.json,TOTAL,5331549,9757242879.11
goa,2021,2.json,TOTAL,4710135,8012853587.2699995
goa,2021,3.json,TOTAL,6467763,10478425592.87
goa,2021,4.json,TOTAL,11088759,18627257116.260002
goa,2022,1.json,TOTAL,12214098,19816445402.889996
goa,2022,2.json,TOTAL,14216054,22873037759.629997
goa,2022,3.json,TOTAL,13188687,19574265274.96
goa,2022,4.json,TOTAL,17192674,24924986370.91
goa,2023,1.json,TOTAL,24195070,35096965775
goa,2023,2.json,TOTAL,26530590,38412206943
goa,2023,3.json,TOTAL,26999728,37375179974
goa,2023,4.json,TOTAL,33460978,44287671557
goa,2024,1.json,TOTAL,35013987,45351900260
goa,2024,2.json,TOTAL,37000806,47454830712
goa,2024,3.json,TOTAL,36762111,45913528012
goa,2024,4.json,TOTAL,46131536,56562589543
gujarat,2018,1.json,TOTAL,5948775,7577982255.210001
gujarat,2018,2.json,TOTAL,7745733,12162684770.83
gujarat,2018,3.json,TOTAL,11334149,17866404426.51
gujarat,2018,4.json,TOTAL,14733303,24830987102.87
gujarat,2019,1.json,TOTAL,24991451,35856080308.37
gujarat,2019,2.json,TOTAL,28981842,49320615217.99
gujarat,2019,3.json,TOTAL,38228649,59462694963.43
gujarat,2019,4.json,TOTAL,42547632,76690662055.65999
gujarat,2020,1.json,TOTAL,47326417,86995076621.86
gujarat,2020,2.json,TOTAL,47420185,80387846359.72
gujarat,2020,3.json,TOTAL,59290179,111921752484.81999
gujarat,2020,4.json,TOTAL,77828547,148392829782.4
gujarat,2021,1.json,TOTAL,94774565,183700812340
gujarat,2021,2.json,TOTAL,111841396,210162486650
gujarat,2021,3.json,TOTAL,149248407,272624299513.30002
gujarat,2021,4.json,TOTAL,182987325,342382839327.5
gujarat,2022,1.json,TOTAL,210547146,392547817565.80005
gujarat,2022,2.json,TOTAL,252052796,446798220499.60004
gujarat,2022,3.json,TOTAL,303239732,497437692884.89996
gujarat,2022,4.json,TOTAL,341156018,567917726133.3
gujarat,2023,1.json,TOTAL,362511326,597826711120
gujarat,2023,2.json,TOTAL,416922553,645407563843
gujarat,2023,3.json,TOTAL,479303590,707736900536
gujarat,2023,4.json,TOTAL,534115578,795087226414
gujarat,2024,1.json,TOTAL,606576671,871620180614
gujarat,2024,2.json,TOTAL,690395153,910625440908
gujarat,2024,3.json,TOTAL,757441250,963551596306
gujarat,2024,4.json,TOTAL,827374966,1076014871214
haryana,2018,1.json,TOTAL,4480770,6793511515.01
haryana,2018,2.json,TOTAL,6150931,11320414442.340002
haryana,2018,3.json,TOTAL,8262024,16375139007.21
haryana,2018,4.json,TOTAL,12950183,25390876016.92
haryana,2019,1.json,TOTAL,22135775,34051655722.2
haryana,2019,2.json,TOTAL,22741816,42501539813.43
haryana,2019,3.json,TOTAL,30343531,52489119199.88
haryana,2019,4.json,TOTAL,37825985,69359719868.94
haryana,2020,1.json,TOTAL,44036087,81976214558.39
haryana,2020,2.json,TOTAL,41781050,80711264924.96999
haryana,2020,3.json,TOTAL,57938179,109567950446.12999
haryana,2020,4.json,TOTAL,83171439,159998571019.9
haryana,2021,1.json,TOTAL,90252784,168938664297.19
haryana,2021,2.json,TOTAL,105680856,200357668902.1
haryana,2021,3.json,TOTAL,140459693,240827413959.1
haryana,2021,4.json,TOTAL,169686975,309240605482.8
haryana,2022,1.json,TOTAL,191988609,341303801652.8
haryana,2022,2.json,TOTAL,234699962,395234238044
haryana,2022,3.json,TOTAL,269361810,428054925472.6
haryana,2022,4.json,TOTAL,296648365,490490295860.9
haryana,2023,1.json,TOTAL,381318464,591150727053
haryana,2023,2.json,TOTAL,457536190,661742447775
haryana,2023,3.json,TOTAL,501519478,677491569062
haryana,2023,4.json,TOTAL,554748233,782271043274
haryana,2024,1.json,TOTAL,604293500,806787895434
haryana,2024,2.json,TOTAL,738553925,905444862852
haryana,2024,3.json,TOTAL,794940220,923206773342
haryana,2024,4.json,TOTAL,841394290,1031958980143
himachal-pradesh,2018,1.json,TOTAL,481918,628737806.3850001
himachal-pradesh,2018,2.json,TOTAL,687695,1183169301.1980002
himachal-pradesh,2018,3.json,TOTAL,886754,1754041432.8539999
himachal-pradesh,2018,4.json,TOTAL,1307883,2621298967.651
himachal-pradesh,2019,1.json,TOTAL,2168718,3381481443.029
himachal-pradesh,2019,2.json,TOTAL,2502306,4875883973.705
himachal-pradesh,2019,3.json,TOTAL,2735180,5572018780.870999
himachal-pradesh,2019,4.json,TOTAL,3516646,7271163537.147
himachal-pradesh,2020,1.json,TOTAL,4144480,7419466751.03
himachal-pradesh,2020,2.json,TOTAL,4695730,8036904762.931
himachal-pradesh,2020,3.json,TOTAL,5489876,10516054014.42
himachal-pradesh,2020,4.json,TOTAL,7272328,13989053108.29
himachal-pradesh,2021,1.json,TOTAL,7614029,14120546910.03
himachal-pradesh,2021,2.json,TOTAL,9483902,16495634540.03
himachal-pradesh,2021,3.json,TOTAL,12064167,21310262071.76
himachal-pradesh,2021,4.json,TOTAL,14666864,26136220501.46
himachal-pradesh,2022,1.json,TOTAL,16088180,26518447439.86
himachal-pradesh,2022,2.json,TOTAL,21291371,33709107957.74
himachal-pradesh,2022,3.json,TOTAL,25164868,37380782688.01
himachal-pradesh,2022,4.json,TOTAL,28555136,41779343232.420006
himachal-pradesh,2023,1.json,TOTAL,27301726,37740947734
himachal-pradesh,2023,2.json,TOTAL,35061595,46875063718
himachal-pradesh,2023,3.json,TOTAL,33337054,41854571637
himachal-pradesh,2023,4.json,TOTAL,38651839,48280246564
himachal-pradesh,2024,1.json,TOTAL,39520561,47884231339
himachal-pradesh,2024,2.json,TOTAL,52583801,59849740702
himachal-pradesh,2024,3.json,TOTAL,49737549,56615941598
himachal-pradesh,2024,4.json,TOTAL,53798398,63736996234
jammu-&-kashmir,2018,1.json,TOTAL,941568,1005371239.23
jammu-&-kashmir,2018,2.json,TOTAL,1796326,2651206236.9300003
jammu-&-kashmir,2018,3.json,TOTAL,2303961,3934700999.8450003
jammu-&-kashmir,2018,4.json,TOTAL,2721310,5664720265.392
jammu-&-kashmir,2019,1.json,TOTAL,3584987,5951835476.661999
jammu-&-kashmir,2019,2.json,TOTAL,2296355,6100142201.073999
jammu-&-kashmir,2019,3.json,TOTAL,1116526,3744230491.8025002
jammu-&-kashmir,2019,4.json,TOTAL,489928,1929695997.8522
jammu-&-kashmir,2020,1.json,TOTAL,921630,2937643176.47
jammu-&-kashmir,2020,2.json,TOTAL,2635006,8265648939.01
jammu-&-kashmir,2020,3.json,TOTAL,3465898,11977229761.039999
jammu-&-kashmir,2020,4.json,TOTAL,5754444,15380905802.94
jammu-&-kashmir,2021,1.json,TOTAL,6997570,17138349892.550001
jammu-&-kashmir,2021,2.json,TOTAL,10027819,22813755429.249996
jammu-&-kashmir,2021,3.json,TOTAL,13151041,31598443647.83
jammu-&-kashmir,2021,4.json,TOTAL,16790628,38926237426.119995
jammu-&-kashmir,2022,1.json,TOTAL,16245311,33147863626.76
jammu-&-kashmir,2022,2.json,TOTAL,23813747,46254290836.79
jammu-&-kashmir,2022,3.json,TOTAL,22534394,40963554502.94
jammu-&-kashmir,2022,4.json,TOTAL,27316158,44315295915.83
jammu-&-kashmir,2023,1.json,TOTAL,38927244,55921747581
jammu-&-kashmir,2023,2.json,TOTAL,54588299,76530005380
jammu-&-kashmir,2023,3.json,TOTAL,63903579,86016148426
jammu-&-kashmir,2023,4.json,TOTAL,69167132,93070141760
jammu-&-kashmir,2024,1.json,TOTAL,75116355,93960928941
jammu-&-kashmir,2024,2.json,TOTAL,108179014,129061756911
jammu-&-kashmir,2024,3.json,TOTAL,119555288,144470345977
jammu-&-kashmir,2024,4.json,TOTAL,126261217,160951295519
jharkhand,2018,1.json,TOTAL,2178921,2374186390.2700005
jharkhand,2018,2.json,TOTAL,3152080,4721575659.35
jharkhand,2018,3.json,TOTAL,8122621,8661571417.460001
jharkhand,2018,4.json,TOTAL,6284043,10241916641.36
jharkhand,2019,1.json,TOTAL,9387708,13627236448.960001
jharkhand,2019,2.json,TOTAL,10128211,18622701305.66
jharkhand,2019,3.json,TOTAL,14220647,21465973993.44
jharkhand,2019,4.json,TOTAL,18248618,28147748376.89
jharkhand,2020,1.json,TOTAL,18282713,33611232153.26
jharkhand,2020,2.json,TOTAL,20141511,37486201976.28
jharkhand,2020,3.json,TOTAL,27068473,50622615819.840004
jharkhand,2020,4.json,TOTAL,39431633,72805174830.36
jharkhand,2021,1.json,TOTAL,44621663,83749353123.03
jharkhand,2021,2.json,TOTAL,54002145,104432643310.22
jharkhand,2021,3.json,TOTAL,70795702,121891015119.15
jharkhand,2021,4.json,TOTAL,96009042,166017443896.01
jharkhand,2022,1.json,TOTAL,110911210,194699870430.78
jharkhand,2022,2.json,TOTAL,132925275,225636328630.62
jharkhand,2022,3.json,TOTAL,146815332,229412417781.53
jharkhand,2022,4.json,TOTAL,175300092,277972087051.57
jharkhand,2023,1.json,TOTAL,240458103,367371790947
jharkhand,2023,2.json,TOTAL,289233893,422215048610
jharkhand,2023,3.json,TOTAL,318237426,418384322759
jharkhand,2023,4.json,TOTAL,374538362,498719802309
jharkhand,2024,1.json,TOTAL,426759095,559720189408
jharkhand,2024,2.json,TOTAL,499685871,620115749218
jharkhand,2024,3.json,TOTAL,522575883,609910026927
jharkhand,2024,4.json,TOTAL,586904686,704011145389
karnataka,2018,1.json,TOTAL,12016899,19217895313.91
karnataka,2018,2.json,TOTAL,17116447,33515580081.010002
karnataka,2018,3.json,TOTAL,25980261,48225091755.700005
karnataka,2018,4.json,TOTAL,44812071,73008386576.09
karnataka,2019,1.json,TOTAL,86587609,117975945385.95
karnataka,2019,2.json,TOTAL,115401604,163702317972.53
karnataka,2019,3.json,TOTAL,170733735,214536395355.79
karnataka,2019,4.json,TOTAL,237796252,295047279094.58
karnataka,2020,1.json,TOTAL,271033890,353401753443.5
karnataka,2020,2.json,TOTAL,213221712,321104669549.3
karnataka,2020,3.json,TOTAL,300360531,470740140868.7
karnataka,2020,4.json,TOTAL,431536984,658036740793.3
karnataka,2021,1.json,TOTAL,523797492,754995663951
karnataka,2021,2.json,TOTAL,530649046,837886985110.5
karnataka,2021,3.json,TOTAL,753296539,1133234687898.7998
karnataka,2021,4.json,TOTAL,931725438,1375470199997.3
karnataka,2022,1.json,TOTAL,1057855407,1566650508157.5
karnataka,2022,2.json,TOTAL,1277448960,1867145545662.0999
karnataka,2022,3.json,TOTAL,1189761328,1665913600163.0999
karnataka,2022,4.json,TOTAL,1378910371,1904519263737.9001
karnataka,2023,1.json,TOTAL,1844697189,2470227968061
karnataka,2023,2.json,TOTAL,2067867526,2777597346459
karnataka,2023,3.json,TOTAL,2369262302,2985878234057
karnataka,2023,4.json,TOTAL,2564434164,3241373654858
karnataka,2024,1.json,TOTAL,2796439155,3485251401102
karnataka,2024,2.json,TOTAL,3042012848,3785031114140
karnataka,2024,3.json,TOTAL,3261134095,3907206484451
karnataka,2024,4.json,TOTAL,3455056424,4151823982674
kerala,2018,1.json,TOTAL,1771380,2402674752.822
kerala,2018,2.json,TOTAL,2308165,3886923343.36
kerala,2018,3.json,TOTAL,3134348,5323025223.548
kerala,2018,4.json,TOTAL,4310654,7747361237.2
kerala,2019,1.json,TOTAL,6469039,10235031134.718
kerala,2019,2.json,TOTAL,7283826,13031371561.052998
kerala,2019,3.json,TOTAL,9286096,16429809721.423
kerala,2019,4.json,TOTAL,12498637,21151326637.59
kerala,2020,1.json,TOTAL,15733522,26451084830.77
kerala,2020,2.json,TOTAL,16287967,25894078478.579998
kerala,2020,3.json,TOTAL,21758680,40164150652.34
kerala,2020,4.json,TOTAL,33288187,56755256648.020004
kerala,2021,1.json,TOTAL,42316342,69260970161.92
kerala,2021,2.json,TOTAL,47191033,74226806436.33
kerala,2021,3.json,TOTAL,63028266,101686161772.90001
kerala,2021,4.json,TOTAL,81823741,123342136943.5
kerala,2022,1.json,TOTAL,95280965,139988672241
kerala,2022,2.json,TOTAL,106365322,154696613429.8
kerala,2022,3.json,TOTAL,119362904,162260416170.2
kerala,2022,4.json,TOTAL,132960468,173560080896.1
kerala,2023,1.json,TOTAL,147621565,193637170408
kerala,2023,2.json,TOTAL,156170617,207796553787
kerala,2023,3.json,TOTAL,170658651,220332628648
kerala,2023,4.json,TOTAL,179843093,224985103847
kerala,2024,1.json,TOTAL,181463966,227078111594
kerala,2024,2.json,TOTAL,194872467,242003795047
kerala,2024,3.json,TOTAL,214695458,258302438795
kerala,2024,4.json,TOTAL,233112441,273639729453
ladakh,2018,1.json,TOTAL,6089,12532857.7716
ladakh,2018,2.json,TOTAL,15010,47334902.537499994
ladakh,2018,3.json,TOTAL,24864,84090977.14118
ladakh,2018,4.json,TOTAL,35211,135522842.50292
ladakh,2019,1.json,TOTAL,46145,152859920.9602
ladakh,2019,2.json,TOTAL,68772,259255506.9733
ladakh,2019,3.json,TOTAL,92396,331129527.2127
ladakh,2019,4.json,TOTAL,84706,324689360.0195
ladakh,2020,1.json,TOTAL,116419,377639677.4565
ladakh,2020,2.json,TOTAL,155010,523792998.6613
ladakh,2020,3.json,TOTAL,228222,835487500.0716999
ladakh,2020,4.json,TOTAL,332134,1111963470.464
ladakh,2021,1.json,TOTAL,275415,983419813.291
ladakh,2021,2.json,TOTAL,399716,1427259094.995
ladakh,2021,3.json,TOTAL,590987,2213984743.802
ladakh,2021,4.json,TOTAL,630187,2153535138.56
ladakh,2022,1.json,TOTAL,630015,2025040919.1899998
ladakh,2022,2.json,TOTAL,1118073,3543318177.7329993
ladakh,2022,3.json,TOTAL,1190858,3605199349.898
ladakh,2022,4.json,TOTAL,1083372,2894477573.095
ladakh,2023,1.json,TOTAL,1567246,3849021298
ladakh,2023,2.json,TOTAL,2943815,7191103886
ladakh,2023,3.json,TOTAL,3621366,8250572243
ladakh,2023,4.json,TOTAL,3150218,6942986945
ladakh,2024,1.json,TOTAL,2987101,6085390661
ladakh,2024,2.json,TOTAL,5327359,10125723348
ladakh,2024,3.json,TOTAL,6913885,12652871712
ladakh,2024,4.json,TOTAL,5711284,10854417654
lakshadweep,2018,1.json,TOTAL,778,1928611.1804228
lakshadweep,2018,2.json,TOTAL,2132,6187809.539527
lakshadweep,2018,3.json,TOTAL,1703,4339032.3121
lakshadweep,2018,4.json,TOTAL,1642,4463213.6983154
lakshadweep,2019,1.json,TOTAL,2481,8786130.47982
lakshadweep,2019,2.json,TOTAL,2926,9242524.137280002
lakshadweep,2019,3.json,TOTAL,3104,9651761.46383
lakshadweep,2019,4.json,TOTAL,3765,11269913.40824182
lakshadweep,2020,1.json,TOTAL,5151,13502368.572679998
lakshadweep,2020,2.json,TOTAL,7220,16942922.08749
lakshadweep,2020,3.json,TOTAL,8589,21306833.310150005
lakshadweep,2020,4.json,TOTAL,11650,30111317.92176
lakshadweep,2021,1.json,TOTAL,9085,27042782.916419998
lakshadweep,2021,2.json,TOTAL,11384,27383463.6546
lakshadweep,2021,3.json,TOTAL,13370,38803163.698070005
lakshadweep,2021,4.json,TOTAL,15470,50998185.52695
lakshadweep,2022,1.json,TOTAL,16397,54939432.656390004
lakshadweep,2022,2.json,TOTAL,17569,55929601.99265
lakshadweep,2022,3.json,TOTAL,15241,47580009.62189999
lakshadweep,2022,4.json,TOTAL,17147,54813873.61103
lakshadweep,2023,1.json,TOTAL,29520,85321961
lakshadweep,2023,2.json,TOTAL,34918,97987438
lakshadweep,2023,3.json,TOTAL,43757,94527061
lakshadweep,2023,4.json,TOTAL,63479,119831383
lakshadweep,2024,1.json,TOTAL,81176,130052381
lakshadweep,2024,2.json,TOTAL,109085,146212841
lakshadweep,2024,3.json,TOTAL,157478,192408087
lakshadweep,2024,4.json,TOTAL,197777,247756681
madhya-pradesh,2018,1.json,TOTAL,8025395,8681603403.88
madhya-pradesh,2018,2.json,TOTAL,10561412,15924081066.31
madhya-pradesh,2018,3.json,TOTAL,17126985,24149742205.44
madhya-pradesh,2018,4.json,TOTAL,21397555,33905608073.15
madhya-pradesh,2019,1.json,TOTAL,37301049,48070279521.89
madhya-pradesh,2019,2.json,TOTAL,40846013,68334566379.91
madhya-pradesh,2019,3.json,TOTAL,53610411,77676321490.6
madhya-pradesh,2019,4.json,TOTAL,68131989,104687926791.23
madhya-pradesh,2020,1.json,TOTAL,79366746,126737289828.7
madhya-pradesh,2020,2.json,TOTAL,76340573,147922321434.64
madhya-pradesh,2020,3.json,TOTAL,108579881,205701694950.4
madhya-pradesh,2020,4.json,TOTAL,153652541,284274937907.69995
madhya-pradesh,2021,1.json,TOTAL,201998498,343533783678.89996
madhya-pradesh,2021,2.json,TOTAL,223314680,425501005844.7
madhya-pradesh,2021,3.json,TOTAL,311443334,504412890965
madhya-pradesh,2021,4.json,TOTAL,404308084,656887872326
madhya-pradesh,2022,1.json,TOTAL,472703058,747665215199
madhya-pradesh,2022,2.json,TOTAL,544899829,867024817108
madhya-pradesh,2022,3.json,TOTAL,731259559,1032908163928.2999
madhya-pradesh,2022,4.json,TOTAL,898828268,1303000061162.3
madhya-pradesh,2023,1.json,TOTAL,734566970,1062027199588
madhya-pradesh,2023,2.json,TOTAL,848037060,1202441668812
madhya-pradesh,2023,3.json,TOTAL,978812593,1237821509466
madhya-pradesh,2023,4.json,TOTAL,1102294613,1426501652332
madhya-pradesh,2024,1.json,TOTAL,1286156614,1625422555908
madhya-pradesh,2024,2.json,TOTAL,1435472057,1779676761515
madhya-pradesh,2024,3.json,TOTAL,1537738457,1761079506395
madhya-pradesh,2024,4.json,TOTAL,1685401835,2003300081119
maharashtra,2018,1.json,TOTAL,16387034,21711613257.760002
maharashtra,2018,2.json,TOTAL,22285740,36357057241.240005
maharashtra,2018,3.json,TOTAL,31538538,52260817732.61
maharashtra,2018,4.json,TOTAL,46090223,79518937047.03
maharashtra,2019,1.json,TOTAL,75079069,111420690921.11
maharashtra,2019,2.json,TOTAL,101149853,153294316399.90997
maharashtra,2019,3.json,TOTAL,148735581,199617820576.29
maharashtra,2019,4.json,TOTAL,201260620,272994374041.82
maharashtra,2020,1.json,TOTAL,238944081,319994991022.03
maharashtra,2020,2.json,TOTAL,184790761,296359178476.1
maharashtra,2020,3.json,TOTAL,268310924,440307524199.69995
maharashtra,2020,4.json,TOTAL,407621004,622156010494.9
maharashtra,2021,1.json,TOTAL,517860240,769887021583.2
maharashtra,2021,2.json,TOTAL,573616486,915114924712.7
maharashtra,2021,3.json,TOTAL,792874060,1159257447148.9
maharashtra,2021,4.json,TOTAL,1010731502,1475355712418.3
maharashtra,2022,1.json,TOTAL,1169506438,1681399612177.3
maharashtra,2022,2.json,TOTAL,1407533113,2006270118994.8
maharashtra,2022,3.json,TOTAL,1486389417,1947583916989.2
maharashtra,2022,4.json,TOTAL,1688775272,2210471642674.7
maharashtra,2023,1.json,TOTAL,1848268499,2362283110776
maharashtra,2023,2.json,TOTAL,2063717848,2606002755102
maharashtra,2023,3.json,TOTAL,2290678587,2752173576325
maharashtra,2023,4.json,TOTAL,2572162725,3098011264389
maharashtra,2024,1.json,TOTAL,2835770481,3372894473380
maharashtra,2024,2.json,TOTAL,3063494802,3573192363739
maharashtra,2024,3.json,TOTAL,3287403995,3687266048466
maharashtra,2024,4.json,TOTAL,3634231839,4151027749542
manipur,2018,1.json,TOTAL,84069,128046173.9729
manipur,2018,2.json,TOTAL,151721,253209721.32400003
manipur,2018,3.json,TOTAL,189258,383331244.8038
manipur,2018,4.json,TOTAL,236110,605683559.3388
manipur,2019,1.json,TOTAL,265409,659898060.3788
manipur,2019,2.json,TOTAL,257425,722789942.11038
manipur,2019,3.json,TOTAL,345008,863552002.5285
manipur,2019,4.json,TOTAL,449344,1200897681.6428
manipur,2020,1.json,TOTAL,818801,2598590381.1401005
manipur,2020,2.json,TOTAL,1083068,3198936212.7320004
manipur,2020,3.json,TOTAL,1420168,4615976120.458001
manipur,2020,4.json,TOTAL,1627852,5602224558.896999
manipur,2021,1.json,TOTAL,2303535,7070287514.790001
manipur,2021,2.json,TOTAL,3086275,7889827962.647
manipur,2021,3.json,TOTAL,3941396,10406861029.357
manipur,2021,4.json,TOTAL,4687439,12658472038.220999
manipur,2022,1.json,TOTAL,5313679,14144501077.706999
manipur,2022,2.json,TOTAL,6105632,14922910635.250002
manipur,2022,3.json,TOTAL,6352742,15381430267.032999
manipur,2022,4.json,TOTAL,6428670,15625956697.468
manipur,2023,1.json,TOTAL,3258383,8585564092
manipur,2023,2.json,TOTAL,1606271,4463876653
manipur,2023,3.json,TOTAL,865478,3608286601
manipur,2023,4.json,TOTAL,2113200,6800325298
manipur,2024,1.json,TOTAL,3845564,9242973323
manipur,2024,2.json,TOTAL,5063324,10898000793
manipur,2024,3.json,TOTAL,5700096,11671516831
manipur,2024,4.json,TOTAL,5750423,12061708556
meghalaya,2018,1.json,TOTAL,49571,66250259.7946
meghalaya,2018,2.json,TOTAL,67857,117004667.87940001
meghalaya,2018,3.json,TOTAL,110290,209853661.5733
meghalaya,2018,4.json,TOTAL,161132,337585678.99849993
meghalaya,2019,1.json,TOTAL,208741,399037162.1527501
meghalaya,2019,2.json,TOTAL,232286,492931289.13809997
meghalaya,2019,3.json,TOTAL,306550,612218602.1628
meghalaya,2019,4.json,TOTAL,365981,742436471.7691
meghalaya,2020,1.json,TOTAL,502283,1120134840.5213
meghalaya,2020,2.json,TOTAL,635395,1153735154.3790002
meghalaya,2020,3.json,TOTAL,597579,1237059001.6610003
meghalaya,2020,4.json,TOTAL,754008,1804242572.1779997
meghalaya,2021,1.json,TOTAL,747646,2055515277.696
meghalaya,2021,2.json,TOTAL,909594,2193617255.082
meghalaya,2021,3.json,TOTAL,1097731,2769000451.369
meghalaya,2021,4.json,TOTAL,1440193,3848765400.461
meghalaya,2022,1.json,TOTAL,1674750,4662338331.596
meghalaya,2022,2.json,TOTAL,2044649,5281491421.740001
meghalaya,2022,3.json,TOTAL,4359165,9603300797.452
meghalaya,2022,4.json,TOTAL,3932448,8996541156.151001
meghalaya,2023,1.json,TOTAL,4164705,10084840615
meghalaya,2023,2.json,TOTAL,5077212,11084506486
meghalaya,2023,3.json,TOTAL,6029842,11406633080
meghalaya,2023,4.json,TOTAL,7268384,13873058692
meghalaya,2024,1.json,TOTAL,8531262,15629304658
meghalaya,2024,2.json,TOTAL,11089661,16794614094
meghalaya,2024,3.json,TOTAL,12110124,16292956696
meghalaya,2024,4.json,TOTAL,14166380,19674927433
mizoram,2018,1.json,TOTAL,18561,45227219.97777001
mizoram,2018,2.json,TOTAL,27051,83508405.55534999
mizoram,2018,3.json,TOTAL,39316,116600738.11493
mizoram,2018,4.json,TOTAL,55242,190426852.49838004
mizoram,2019,1.json,TOTAL,70306,218160895.38567
mizoram,2019,2.json,TOTAL,75671,248016708.13149
mizoram,2019,3.json,TOTAL,98094,278793899.92701006
mizoram,2019,4.json,TOTAL,125239,368689350.64311004
mizoram,2020,1.json,TOTAL,153609,392077579.3191999
mizoram,2020,2.json,TOTAL,198462,457193433.45430005
mizoram,2020,3.json,TOTAL,254703,707944175.5546
mizoram,2020,4.json,TOTAL,322607,986522115.7284
mizoram,2021,1.json,TOTAL,329575,1101105586.9574003
mizoram,2021,2.json,TOTAL,394340,1122874473.2975
mizoram,2021,3.json,TOTAL,478529,1473748649.9508998
mizoram,2021,4.json,TOTAL,553329,1770665741.086
mizoram,2022,1.json,TOTAL,604917,1945158963.61
mizoram,2022,2.json,TOTAL,643977,2003186566.8424997
mizoram,2022,3.json,TOTAL,659038,1946265612.0953
mizoram,2022,4.json,TOTAL,693774,2037911084.9758
mizoram,2023,1.json,TOTAL,1052595,2955622739
mizoram,2023,2.json,TOTAL,1208930,3191806576
mizoram,2023,3.json,TOTAL,1310413,3106130235
mizoram,2023,4.json,TOTAL,1500728,3540840283
mizoram,2024,1.json,TOTAL,1627016,3630096730
mizoram,2024,2.json,TOTAL,1977079,3798477640
mizoram,2024,3.json,TOTAL,2360206,3923888231
mizoram,2024,4.json,TOTAL,2702443,4461162922
nagaland,2018,1.json,TOTAL,42845,78005891.08559999
nagaland,2018,2.json,TOTAL,65599,153325577.8832
nagaland,2018,3.json,TOTAL,94371,241792742.98149997
nagaland,2018,4.json,TOTAL,139333,388013467.5095
nagaland,2019,1.json,TOTAL,168579,441941712.3657
nagaland,2019,2.json,TOTAL,188753,520066682.1956
nagaland,2019,3.json,TOTAL,261878,650956471.7412
nagaland,2019,4.json,TOTAL,317170,834537138.3391
nagaland,2020,1.json,TOTAL,378051,894780028.7445
nagaland,2020,2.json,TOTAL,517566,1137674504.3922
nagaland,2020,3.json,TOTAL,736319,2009649143.615
nagaland,2020,4.json,TOTAL,847825,2773084870.5429997
nagaland,2021,1.json,TOTAL,975897,3107450484.0889997
nagaland,2021,2.json,TOTAL,1130791,3156293964.128
nagaland,2021,3.json,TOTAL,1356792,3987416848.172
nagaland,2021,4.json,TOTAL,1631483,4939083784.191001
nagaland,2022,1.json,TOTAL,1925952,5544951709.253
nagaland,2022,2.json,TOTAL,2031329,5740285348.820999
nagaland,2022,3.json,TOTAL,1894113,5364400495.179
nagaland,2022,4.json,TOTAL,2476205,6969966384.576
nagaland,2023,1.json,TOTAL,2685570,7814397854
nagaland,2023,2.json,TOTAL,2922001,8021399310
nagaland,2023,3.json,TOTAL,3422331,8616299673
nagaland,2023,4.json,TOTAL,3797179,9674575422
nagaland,2024,1.json,TOTAL,4258924,10044915308
nagaland,2024,2.json,TOTAL,5598700,11012913096
nagaland,2024,3.json,TOTAL,6981635,12281315168
nagaland,2024,4.json,TOTAL,7921552,13959098676
odisha,2018,1.json,TOTAL,5809821,4627632210.78
odisha,2018,2.json,TOTAL,8158144,8488310340.119999
odisha,2018,3.json,TOTAL,30052155,23094515775.970005
odisha,2018,4.json,TOTAL,21142798,23429869572.010002
odisha,2019,1.json,TOTAL,34031942,35427127930.79
odisha,2019,2.json,TOTAL,29512024,44754854871.81
odisha,2019,3.json,TOTAL,41422272,57304577357.96
odisha,2019,4.json,TOTAL,64995633,79769373631.3
odisha,2020,1.json,TOTAL,53682307,91956798198.88
odisha,2020,2.json,TOTAL,50028576,91733036611.91
odisha,2020,3.json,TOTAL,66033829,122464275093.95
odisha,2020,4.json,TOTAL,92324950,178302927667.7
odisha,2021,1.json,TOTAL,111460358,213397299896.68002
odisha,2021,2.json,TOTAL,131824337,245864235108.2
odisha,2021,3.json,TOTAL,177362674,303780858408.30005
odisha,2021,4.json,TOTAL,233925366,385250936890
odisha,2022,1.json,TOTAL,263633499,451226850672.80005
odisha,2022,2.json,TOTAL,313451598,510035354892.26996
odisha,2022,3.json,TOTAL,386687326,564545558635.4
odisha,2022,4.json,TOTAL,445714743,652217577680.2001
odisha,2023,1.json,TOTAL,482896088,753969724321
odisha,2023,2.json,TOTAL,544597829,799331733506
odisha,2023,3.json,TOTAL,622397603,840298724997
odisha,2023,4.json,TOTAL,732137476,978791854347
odisha,2024,1.json,TOTAL,864178452,1156388679885
odisha,2024,2.json,TOTAL,944027735,1164838957510
odisha,2024,3.json,TOTAL,1023940349,1177234055921
odisha,2024,4.json,TOTAL,1143097568,1305457041262
puducherry,2018,1.json,TOTAL,104212,165825971.4073
puducherry,2018,2.json,TOTAL,130261,285801119.54819995
puducherry,2018,3.json,TOTAL,190271,417658075.53209996
puducherry,2018,4.json,TOTAL,307964,625691665.3916999
puducherry,2019,1.json,TOTAL,501092,906473024.3477999
puducherry,2019,2.json,TOTAL,580077,1211446910.3821998
puducherry,2019,3.json,TOTAL,716826,1460708357.7896
puducherry,2019,4.json,TOTAL,1012655,1932028317.4544003
puducherry,2020,1.json,TOTAL,1207921,2205277477.2148
puducherry,2020,2.json,TOTAL,1033383,1960030980.892
puducherry,2020,3.json,TOTAL,1730902,3598080229.791
puducherry,2020,4.json,TOTAL,2716003,4930526217.670001
puducherry,2021,1.json,TOTAL,3309432,5899309572.189
puducherry,2021,2.json,TOTAL,3751387,6498834696.428
puducherry,2021,3.json,TOTAL,5121726,8729974431.131
puducherry,2021,4.json,TOTAL,6368810,10423651800.843998
puducherry,2022,1.json,TOTAL,7359176,12083474905.227
puducherry,2022,2.json,TOTAL,8643687,13778745256.619
puducherry,2022,3.json,TOTAL,7042727,10854317711.752
puducherry,2022,4.json,TOTAL,7556127,11142204877.328
puducherry,2023,1.json,TOTAL,10144295,14222388506
puducherry,2023,2.json,TOTAL,11130326,15386733257
puducherry,2023,3.json,TOTAL,12379641,16444491839
puducherry,2023,4.json,TOTAL,12986163,17024510550
puducherry,2024,1.json,TOTAL,13446950,17386481977
puducherry,2024,2.json,TOTAL,14564895,18242009736
puducherry,2024,3.json,TOTAL,16008711,19535004396
puducherry,2024,4.json,TOTAL,16559677,19965392547
punjab,2018,1.json,TOTAL,1870433,2780758225.3500004
punjab,2018,2.json,TOTAL,2581163,4684672212.280001
punjab,2018,3.json,TOTAL,3462108,7065687044.335
punjab,2018,4.json,TOTAL,4887137,10781982573.130001
punjab,2019,1.json,TOTAL,7172137,13574490002.115
punjab,2019,2.json,TOTAL,8509830,18614793393.975002
punjab,2019,3.json,TOTAL,10706812,22905815606.014
punjab,2019,4.json,TOTAL,13698625,29989802245.89
punjab,2020,1.json,TOTAL,15217784,31374185265.629997
punjab,2020,2.json,TOTAL,14081294,30284654251.23
punjab,2020,3.json,TOTAL,17209573,40123092147.41
punjab,2020,4.json,TOTAL,22997925,53775406479.659996
punjab,2021,1.json,TOTAL,26770835,58690887090.600006
punjab,2021,2.json,TOTAL,32171248,69531058562.37001
punjab,2021,3.json,TOTAL,42533489,85992560840.39
punjab,2021,4.json,TOTAL,52359360,110710126242.20001
punjab,2022,1.json,TOTAL,57758302,118389978107.01
punjab,2022,2.json,TOTAL,72272823,137345357828.26001
punjab,2022,3.json,TOTAL,84177897,149319064931.34
punjab,2022,4.json,TOTAL,91835180,168107659222.83002
punjab,2023,1.json,TOTAL,96910821,175508331709
punjab,2023,2.json,TOTAL,117290289,194181925313
punjab,2023,3.json,TOTAL,132161181,205225159862
punjab,2023,4.json,TOTAL,142228995,231139386476
punjab,2024,1.json,TOTAL,142537179,223303668653
punjab,2024,2.json,TOTAL,171946137,244435009166
punjab,2024,3.json,TOTAL,187554720,256116385006
punjab,2024,4.json,TOTAL,199509220,289125630546
rajasthan,2018,1.json,TOTAL,7591690,8926293131.1
rajasthan,2018,2.json,TOTAL,9973697,15559086175.240002
rajasthan,2018,3.json,TOTAL,14257098,24040768671.08
rajasthan,2018,4.json,TOTAL,20959723,37909087083.810005
rajasthan,2019,1.json,TOTAL,43956040,61141158576.18
rajasthan,2019,2.json,TOTAL,50009286,89107313172.26
rajasthan,2019,3.json,TOTAL,67303617,112468290033.23
rajasthan,2019,4.json,TOTAL,85074242,159452275331.98
rajasthan,2020,1.json,TOTAL,102258812,190308664236.95
rajasthan,2020,2.json,TOTAL,101954656,193762886127.00998
rajasthan,2020,3.json,TOTAL,149088676,293678585923.2
rajasthan,2020,4.json,TOTAL,190283435,386034932155.5
rajasthan,2021,1.json,TOTAL,252730919,491492193502.80005
rajasthan,2021,2.json,TOTAL,287477039,561702618404.2
rajasthan,2021,3.json,TOTAL,400284753,710511207449.2001
rajasthan,2021,4.json,TOTAL,487621597,903934121943.5
rajasthan,2022,1.json,TOTAL,564962220,1022049632317.6
rajasthan,2022,2.json,TOTAL,661170150,1152833532153.7
rajasthan,2022,3.json,TOTAL,767541360,1238489177981.4001
rajasthan,2022,4.json,TOTAL,865574848,1456956008838.7
rajasthan,2023,1.json,TOTAL,921096686,1554909010873
rajasthan,2023,2.json,TOTAL,1073459338,1698458563277
rajasthan,2023,3.json,TOTAL,1237232167,1800228638889
rajasthan,2023,4.json,TOTAL,1349472154,2066382379131
rajasthan,2024,1.json,TOTAL,1599474007,2350500477042
rajasthan,2024,2.json,TOTAL,1818855106,2497090787776
rajasthan,2024,3.json,TOTAL,1935405035,2472256483930
rajasthan,2024,4.json,TOTAL,2043469547,2793052865690
sikkim,2018,1.json,TOTAL,44078,64650938.93758001
sikkim,2018,2.json,TOTAL,74578,143693085.542
sikkim,2018,3.json,TOTAL,108500,235080226.99819997
sikkim,2018,4.json,TOTAL,154533,383141358.0386
sikkim,2019,1.json,TOTAL,240287,457993634.3884
sikkim,2019,2.json,TOTAL,388244,738894243.3996999
sikkim,2019,3.json,TOTAL,552436,884716448.41
sikkim,2019,4.json,TOTAL,767070,1176509601.7150998
sikkim,2020,1.json,TOTAL,528118,1053476271.9603001
sikkim,2020,2.json,TOTAL,517731,1054618788.2224998
sikkim,2020,3.json,TOTAL,596435,1400926728.6900003
sikkim,2020,4.json,TOTAL,735035,1919275805.5700002
sikkim,2021,1.json,TOTAL,800189,2217667727.222
sikkim,2021,2.json,TOTAL,976714,2424899580.016
sikkim,2021,3.json,TOTAL,1160594,2989336863.5030003
sikkim,2021,4.json,TOTAL,1584345,4196783262.0220003
sikkim,2022,1.json,TOTAL,1744302,4367431275.889999
sikkim,2022,2.json,TOTAL,2322081,5611105670.125
sikkim,2022,3.json,TOTAL,2396758,5162880544.253
sikkim,2022,4.json,TOTAL,3058339,6458385389.321
sikkim,2023,1.json,TOTAL,3396128,6762568022
sikkim,2023,2.json,TOTAL,4412967,8580350436
sikkim,2023,3.json,TOTAL,4804937,8107237421
sikkim,2023,4.json,TOTAL,4857324,8590608471
sikkim,2024,1.json,TOTAL,5820146,9455721523
sikkim,2024,2.json,TOTAL,7188322,11296518155
sikkim,2024,3.json,TOTAL,7713781,10569829072
sikkim,2024,4.json,TOTAL,8916870,12641101398
tamil-nadu,2018,1.json,TOTAL,6726622,11261557697.45
tamil-nadu,2018,2.json,TOTAL,9992128,20125844276.359997
tamil-nadu,2018,3.json,TOTAL,15774078,29330092240.969997
tamil-nadu,2018,4.json,TOTAL,22457444,43302073976.08
tamil-nadu,2019,1.json,TOTAL,32275045,56204036815.850006
tamil-nadu,2019,2.json,TOTAL,32171737,64207676026.29
tamil-nadu,2019,3.json,TOTAL,41410183,78959604644.03
tamil-nadu,2019,4.json,TOTAL,56596411,103190865512.96
tamil-nadu,2020,1.json,TOTAL,66953473,116570003134.20999
tamil-nadu,2020,2.json,TOTAL,51870110,95826508896.59001
tamil-nadu,2020,3.json,TOTAL,70277825,143841334965.66
tamil-nadu,2020,4.json,TOTAL,111179701,206472815711.6
tamil-nadu,2021,1.json,TOTAL,136556674,248667913566.4
tamil-nadu,2021,2.json,TOTAL,146158442,263487313340.1
tamil-nadu,2021,3.json,TOTAL,204357404,365207243759.89996
tamil-nadu,2021,4.json,TOTAL,259155976,443723527996.89996
tamil-nadu,2022,1.json,TOTAL,294573150,512789491342.2
tamil-nadu,2022,2.json,TOTAL,354506937,590134485770
tamil-nadu,2022,3.json,TOTAL,393496175,631878726302
tamil-nadu,2022,4.json,TOTAL,436316636,675689250041.7
tamil-nadu,2023,1.json,TOTAL,461212387,715583056703
tamil-nadu,2023,2.json,TOTAL,498429638,776362630443
tamil-nadu,2023,3.json,TOTAL,556085008,833105018021
tamil-nadu,2023,4.json,TOTAL,593481381,872870174298
tamil-nadu,2024,1.json,TOTAL,640327197,913861227902
tamil-nadu,2024,2.json,TOTAL,705083686,985150945553
tamil-nadu,2024,3.json,TOTAL,778536701,1050780198466
tamil-nadu,2024,4.json,TOTAL,820423888,1087632505914
telangana,2018,1.json,TOTAL,8522766,13308204118.760002
telangana,2018,2.json,TOTAL,10764670,23017201518.25
telangana,2018,3.json,TOTAL,19332703,32030093210.27
telangana,2018,4.json,TOTAL,28921154,49509088448.14
telangana,2019,1.json,TOTAL,65290702,95523262035.18
telangana,2019,2.json,TOTAL,89610379,155676740283.25998
telangana,2019,3.json,TOTAL,121495376,201930152742.13998
telangana,2019,4.json,TOTAL,163572258,280747084552.10004
telangana,2020,1.json,TOTAL,199409525,371343982323.89
telangana,2020,2.json,TOTAL,152055143,321532285442.9
telangana,2020,3.json,TOTAL,236372126,505960955851.1
telangana,2020,4.json,TOTAL,343643787,696350837948.4
telangana,2021,1.json,TOTAL,412572110,799358910930.7
telangana,2021,2.json,TOTAL,495867544,1027958569848
telangana,2021,3.json,TOTAL,622886768,1178289136501.8
telangana,2021,4.json,TOTAL,775989773,1463757199569.5999
telangana,2022,1.json,TOTAL,886453385,1670638739380.7
telangana,2022,2.json,TOTAL,1063382557,1951410052117
telangana,2022,3.json,TOTAL,1628165401,2706322895209.5
telangana,2022,4.json,TOTAL,1819506832,2978252159485.3
telangana,2023,1.json,TOTAL,1440331458,2372578001135
telangana,2023,2.json,TOTAL,1665430971,2698152132584
telangana,2023,3.json,TOTAL,1875045924,2870198390544
telangana,2023,4.json,TOTAL,2020822178,3116418326644
telangana,2024,1.json,TOTAL,2179385307,3203768518758
telangana,2024,2.json,TOTAL,2417264357,3461538280797
telangana,2024,3.json,TOTAL,2610137835,3551315467582
telangana,2024,4.json,TOTAL,2822451603,3859051317441
tripura,2018,1.json,TOTAL,148157,137978914.5542
tripura,2018,2.json,TOTAL,214559,236891718.73900002
tripura,2018,3.json,TOTAL,377703,453863388.01199996
tripura,2018,4.json,TOTAL,448059,624885599.4849999
tripura,2019,1.json,TOTAL,580926,756894941.6006
tripura,2019,2.json,TOTAL,532558,841821482.8255
tripura,2019,3.json,TOTAL,711717,1017377422.8073001
tripura,2019,4.json,TOTAL,801824,1215400160.2621
tripura,2020,1.json,TOTAL,924502,1588778806.7860003
tripura,2020,2.json,TOTAL,1052520,1769175883.9329998
tripura,2020,3.json,TOTAL,1317885,2341819516.339
tripura,2020,4.json,TOTAL,1651890,3182130996.342
tripura,2021,1.json,TOTAL,1511423,3335341570.1870003
tripura,2021,2.json,TOTAL,1744429,3468154360.582
tripura,2021,3.json,TOTAL,2081200,4364133768.023
tripura,2021,4.json,TOTAL,2520693,5496929464.208
tripura,2022,1.json,TOTAL,2871190,6247329764.332
tripura,2022,2.json,TOTAL,3418664,6878271042.705
tripura,2022,3.json,TOTAL,4256579,8648352804.588001
tripura,2022,4.json,TOTAL,5198190,10452971817.931002
tripura,2023,1.json,TOTAL,7118687,13288282891
tripura,2023,2.json,TOTAL,7929543,13919130082
tripura,2023,3.json,TOTAL,9108762,15249223330
tripura,2023,4.json,TOTAL,10140910,16819896794
tripura,2024,1.json,TOTAL,11042639,17752189374
tripura,2024,2.json,TOTAL,12787547,18137431068
tripura,2024,3.json,TOTAL,14400581,19948846189
tripura,2024,4.json,TOTAL,15945159,22409905268
uttar-pradesh,2018,1.json,TOTAL,12537805,13939970923.589998
uttar-pradesh,2018,2.json,TOTAL,17710943,25720201695.3
uttar-pradesh,2018,3.json,TOTAL,26515356,37012114369.26
uttar-pradesh,2018,4.json,TOTAL,36100767,55096743576.06
uttar-pradesh,2019,1.json,TOTAL,57324504,76524180133.39
uttar-pradesh,2019,2.json,TOTAL,58883500,98917519370.34999
uttar-pradesh,2019,3.json,TOTAL,68623959,111268137475.25
uttar-pradesh,2019,4.json,TOTAL,86905005,145539038099.43
uttar-pradesh,2020,1.json,TOTAL,97239132,172416728114.61002
uttar-pradesh,2020,2.json,TOTAL,100851965,178744491721.5
uttar-pradesh,2020,3.json,TOTAL,127405259,248690042666.6
uttar-pradesh,2020,4.json,TOTAL,178167517,357428673432
uttar-pradesh,2021,1.json,TOTAL,204499547,396287974198.10004
uttar-pradesh,2021,2.json,TOTAL,241949131,482172669038.39996
uttar-pradesh,2021,3.json,TOTAL,306543384,557080925398.1
uttar-pradesh,2021,4.json,TOTAL,406157932,773891058479.8
uttar-pradesh,2022,1.json,TOTAL,473953246,883123359524.7
uttar-pradesh,2022,2.json,TOTAL,595298776,1067514736108.4
uttar-pradesh,2022,3.json,TOTAL,703589072,1121369889665.5
uttar-pradesh,2022,4.json,TOTAL,836369071,1376383271767.1
uttar-pradesh,2023,1.json,TOTAL,1002557722,1636936625305
uttar-pradesh,2023,2.json,TOTAL,1211410582,1836624121621
uttar-pradesh,2023,3.json,TOTAL,1354622466,1861752208334
uttar-pradesh,2023,4.json,TOTAL,1566705382,2257439853744
uttar-pradesh,2024,1.json,TOTAL,1785296948,2477544113497
uttar-pradesh,2024,2.json,TOTAL,2135538658,2704224110192
uttar-pradesh,2024,3.json,TOTAL,2285955833,2717470941952
uttar-pradesh,2024,4.json,TOTAL,2544890265,3214108639641
uttarakhand,2018,1.json,TOTAL,1246685,1508545358.146
uttarakhand,2018,2.json,TOTAL,1704122,2679755378.7590003
uttarakhand,2018,3.json,TOTAL,2229132,3726573039.97
uttarakhand,2018,4.json,TOTAL,3178761,5654272137.629
uttarakhand,2019,1.json,TOTAL,5546001,7183529174.815001
uttarakhand,2019,2.json,TOTAL,4813275,8588532851.316999
uttarakhand,2019,3.json,TOTAL,5710476,9729032069.582
uttarakhand,2019,4.json,TOTAL,7362116,12573706305.617
uttarakhand,2020,1.json,TOTAL,9131784,16158080258.439
uttarakhand,2020,2.json,TOTAL,9047770,16094187702.439999
uttarakhand,2020,3.json,TOTAL,11818935,22103510968
uttarakhand,2020,4.json,TOTAL,17613271,31792739329.769997
uttarakhand,2021,1.json,TOTAL,20608402,36288189400.17
uttarakhand,2021,2.json,TOTAL,24000432,40990817874.57
uttarakhand,2021,3.json,TOTAL,31042284,50527496783.21001
uttarakhand,2021,4.json,TOTAL,40361280,66148108159.56
uttarakhand,2022,1.json,TOTAL,44560772,70978782499.96
uttarakhand,2022,2.json,TOTAL,58166878,88313371024.87
uttarakhand,2022,3.json,TOTAL,63996519,92641259938.71
uttarakhand,2022,4.json,TOTAL,77983880,115496046831.78
uttarakhand,2023,1.json,TOTAL,79385675,107179907585
uttarakhand,2023,2.json,TOTAL,102758214,134072872398
uttarakhand,2023,3.json,TOTAL,106284687,128762398121
uttarakhand,2023,4.json,TOTAL,118071440,148083550650
uttarakhand,2024,1.json,TOTAL,123234577,150276567903
uttarakhand,2024,2.json,TOTAL,158564982,180612580842
uttarakhand,2024,3.json,TOTAL,159278815,173414730063
uttarakhand,2024,4.json,TOTAL,171136132,194908662002
west-bengal,2018,1.json,TOTAL,11710225,10625978552.300001
west-bengal,2018,2.json,TOTAL,18082446,18629183470.4
west-bengal,2018,3.json,TOTAL,53705416,41843934182.6
west-bengal,2018,4.json,TOTAL,36513548,40489619211.71999
west-bengal,2019,1.json,TOTAL,47626388,50164672623.87
west-bengal,2019,2.json,TOTAL,47023535,57105691118.189995
west-bengal,2019,3.json,TOTAL,66444829,70540532616.34
west-bengal,2019,4.json,TOTAL,96805838,88203610255.03
west-bengal,2020,1.json,TOTAL,66250381,96653305191.85
west-bengal,2020,2.json,TOTAL,57676797,100099431878.03
west-bengal,2020,3.json,TOTAL,79954504,156813679703
west-bengal,2020,4.json,TOTAL,100340645,199165616769.30002
west-bengal,2021,1.json,TOTAL,118254052,242936957993
west-bengal,2021,2.json,TOTAL,141897437,279434532269.3
west-bengal,2021,3.json,TOTAL,181712988,362457334905.80005
west-bengal,2021,4.json,TOTAL,225029560,462218146057.2
west-bengal,2022,1.json,TOTAL,260505092,551426922771.4
west-bengal,2022,2.json,TOTAL,315742141,648575478990.1
west-bengal,2022,3.json,TOTAL,356792388,704749632209.3999
west-bengal,2022,4.json,TOTAL,405847597,787775693893.3
